Sample_ID,Corrected_Sample_ID,Cow_ID,DIM_Collected,Date_Collected,Date_Recieved,Farm,Sample_Type,Sex,BCS,Parity,Housing_type,Fibrinogen_1DIM,Fibrinogen_3DIM,Fibrinogen_7DIM,Fibrinogen_InflamStat,FIBRINOGEN_MEAN,MeanFibrinogen_InflamStat,Haptoglobin_1DIM,Haptoglobin_3DIM,Haptoglobin_InflamStat,ExtractionDate,ExtractionKit,DNAElutionVolume,DNAYield_ng,qpcr_16s_copies_ul,BarcodeSequence,LinkerPrimerSequence,ReverseSequence,general.rawsamplename,general.readlength,general.readlengthr2,general.runname,general.samplename,subsample.rawreads,subsample.subsampledreads,fastqc.meanreadqualityR1,fastqc.meanreadqualityR2,fastqc.meanreadqualityR2.1,fastqc.pct.deduplicated,fastqc.pct.dimer,fastqc.pct.gc,fastqc.sequencelength,fastqc.totalsequences,dedupmetric.PCRduplication,dedupmetric.Tileduplication,fastqspeciesscreen.pct.Adapters,fastqspeciesscreen.pct.Chloroplast,fastqspeciesscreen.pct.ITS,fastqspeciesscreen.pct.Mitochondria,fastqspeciesscreen.pct.PhiX,fastqspeciesscreen.pct.Synthetic_16S_mock,fastqspeciesscreen.pct.Synthetic_ITS_mock,fastqspeciesscreen.pct.Unaligned,fastqspeciesscreen.pct.Vectors,fastqspeciesscreen.pct.ecoli,fastqspeciesscreen.pct.human,fastqspeciesscreen.pct.mouse,fastqspeciesscreen.pct.rRNA,input,filtered,denoisedF,denoisedR,merged,nonchim,Sample_Type2
1165D1LM,1165D1LM,1165,1,10/13/2024,12/9/2024,Loehmer,Feces,FALSE,3.75,1,Freestall,0.5,0.6,0.4,Elevated,0.5,Normal,0.19371,0.27882,Normal,12/24/2024,DNeasy PowerSoil Kits,60 ul,283,"33,025,580",NA,AGAGTTTGATCMTGGCTCAG,ATTACCGCGGCTGCTGG,1165D1LM,300,300,20250317_AV241910_Aviti3_Run_106_03_17_25,1165D1LM.L001,611901,611901,42.7,42.3,0.01,3.21,0,52,300,611901,11.1,85.8,0,7.68,0.14,0,0,0,0,0.14,0,3.25,0,0,88.79,609025,513044,502491,508445,437232,412160,Feces
1165D3LM,1165D3LM,1165,3,10/15/2024,12/9/2024,Loehmer,Feces,FALSE,3.75,1,Freestall,0.5,0.6,0.4,Elevated,0.5,Normal,0.19371,0.27882,Normal,12/27/2024,DNeasy PowerSoil Kits,60 ul,306,"21,439,640",NA,AGAGTTTGATCMTGGCTCAG,ATTACCGCGGCTGCTGG,1165D3LM,300,300,20250317_AV241910_Aviti3_Run_106_03_17_25,1165D3LM.L001,678958,678958,43.1,42.5,0.01,2.95,0,52,300,678958,10.1,87.1,0,8.93,0.13,0,0,0,0,0.09,0,2.7,0,0,88.15,676674,580336,568752,575103,491693,454575,Feces
1179D1LM-PBS,1179D1LM-PBS,1179,1,10/12/2024,12/9/2024,Loehmer,Environmental_Control,FALSE,4,1,Freestall,0.5,0.6,0.4,Elevated,0.5,Normal,0.17983,0.21994,Normal,12/24/2024,DNeasy PowerSoil Kits,60 ul,0,35,NA,AGAGTTTGATCMTGGCTCAG,ATTACCGCGGCTGCTGG,1179-PBS,300,300,20250317_AV241910_Aviti3_Run_106_03_17_25,1179.PBS.L001,19918,19918,43.1,42.4,0.28,11.7,0,57,300,19918,63.3,21.1,0,30.48,0.04,0,0,0,0,0.56,0,10.59,0,0,58.33,NA,NA,NA,NA,NA,NA,Environmental_Control
1179D1LM,1179D1LM,1179,1,10/12/2024,12/9/2024,Loehmer,Feces,FALSE,4,1,Freestall,0.5,0.6,0.4,Elevated,0.5,Normal,0.17983,0.21994,Normal,12/24/2024,DNeasy PowerSoil Kits,60 ul,263,"31,787,573",NA,AGAGTTTGATCMTGGCTCAG,ATTACCGCGGCTGCTGG,1179D1LM,300,300,20250317_AV241910_Aviti3_Run_106_03_17_25,1179D1LM.L001,565457,565457,43.2,42.9,0.01,3.02,0,52,300,565457,11.4,85.5,0,6.68,0.03,0,0,0,0,0.05,0,3.46,0,0.01,89.77,564157,491328,482631,487088,434622,408363,Feces
1179D3LM,1179D3LM,1179,3,10/14/2024,12/9/2024,Loehmer,Feces,FALSE,4,1,Freestall,0.5,0.6,0.4,Elevated,0.5,Normal,0.17983,0.21994,Normal,12/27/2024,DNeasy PowerSoil Kits,60 ul,290,"24,483,219",NA,AGAGTTTGATCMTGGCTCAG,ATTACCGCGGCTGCTGG,1179D3LM,300,300,20250317_AV241910_Aviti3_Run_106_03_17_25,1179D3LM.L001,660943,660943,42.9,42.5,0.01,2.7,0,52,300,660943,9.6,87.8,0,7.93,0.05,0,0,0,0,0.11,0,3.79,0,0,88.12,658846,562995,553550,558314,487580,447292,Feces
1217D1LM-PBS,1217D1LM-PBS,1217,1,10/13/2024,12/9/2024,Loehmer,Environmental_Control,FALSE,4,1,Freestall,0.8,0.7,0.6,Elevated,0.7,Elevated,1.1323,0.761015,Elevated,12/24/2024,DNeasy PowerSoil Kits,60 ul,0,32,NA,AGAGTTTGATCMTGGCTCAG,ATTACCGCGGCTGCTGG,1217-PBS,300,300,20250317_AV241910_Aviti3_Run_106_03_17_25,1217.PBS.L001,17048,17048,43,42.5,0.35,13.6,0,56,300,17048,65,18,0,28.74,0.29,0,0,0,0,0.08,0,9.47,0,0,61.42,NA,NA,NA,NA,NA,NA,Environmental_Control
1217D1LM,1217D1LM,1217,1,10/13/2024,12/9/2024,Loehmer,Feces,FALSE,4,1,Freestall,0.8,0.7,0.6,Elevated,0.7,Elevated,1.1323,0.761015,Elevated,12/24/2024,DNeasy PowerSoil Kits,60 ul,228,"59,680,068",NA,AGAGTTTGATCMTGGCTCAG,ATTACCGCGGCTGCTGG,1217D1LM,300,300,20250317_AV241910_Aviti3_Run_106_03_17_25,1217D1LM.L001,583823,583823,42.8,42,0.01,2.73,0,52,300,583823,8.9,88.5,0,6.81,0.11,0,0,0,0,0.07,0,4,0,0,89.01,581331,491971,487002,488722,450010,421586,Feces
1217D3LM,1217D3LM,1217,3,10/15/2024,12/9/2024,Loehmer,Feces,FALSE,4,1,Freestall,0.8,0.7,0.6,Elevated,0.7,Elevated,1.1323,0.761015,Elevated,12/27/2024,DNeasy PowerSoil Kits,60 ul,263,"26,910,480",NA,AGAGTTTGATCMTGGCTCAG,ATTACCGCGGCTGCTGG,1217D3LM,300,300,20250317_AV241910_Aviti3_Run_106_03_17_25,1217D3LM.L001,522673,522673,43,42.5,0.01,2.8,0,52,300,522673,9.5,88,0,7.2,0.08,0,0.01,0,0,0.04,0,4.63,0,0,88.04,520966,445873,438809,442747,388456,357532,Feces
1218D1LM,1218D1LM,1218,1,10/30/2024,12/9/2024,Loehmer,Feces,FALSE,4,1,Freestall,0.5,0.5,0.6,Elevated,0.53,Normal,0.071225,0.19847,Normal,12/24/2024,DNeasy PowerSoil Kits,60 ul,175,"20,644,020",NA,AGAGTTTGATCMTGGCTCAG,ATTACCGCGGCTGCTGG,1218D1LM,300,300,20250317_AV241910_Aviti3_Run_106_03_17_25,1218D1LM.L001,634127,634127,42.8,42.3,0.01,2.9,0,52,300,634127,10.3,86.9,0,7.3,0.12,0,0,0,0,0.05,0,3.76,0,0,88.77,631737,534166,524743,529958,454720,428468,Feces
1218D3LM,1218D3LM,1218,3,11/1/2024,12/9/2024,Loehmer,Feces,FALSE,4,1,Freestall,0.5,0.5,0.6,Elevated,0.53,Normal,0.071225,0.19847,Normal,12/27/2024,DNeasy PowerSoil Kits,60 ul,342,"7,141,957",NA,AGAGTTTGATCMTGGCTCAG,ATTACCGCGGCTGCTGG,1218D3LM,300,300,20250317_AV241910_Aviti3_Run_106_03_17_25,1218D3LM.L001,508172,508172,43.2,42.9,0.01,3.26,0,52,300,508172,12,84.8,0,7.13,0.11,0,0,0,0,0.11,0,3.29,0,0,89.36,506794,439425,427740,434803,361839,332696,Feces
1226D1LM,1226D1LM,1226,1,10/20/2024,12/9/2024,Loehmer,Feces,FALSE,3.75,1,Freestall,0.5,0.5,0.5,Normal,0.5,Normal,0.13093,0.173085,Normal,12/24/2024,DNeasy PowerSoil Kits,60 ul,232,"103,067,146",NA,AGAGTTTGATCMTGGCTCAG,ATTACCGCGGCTGCTGG,1226D1LM,300,300,20250317_AV241910_Aviti3_Run_106_03_17_25,1226D1LM.L001,580941,580941,42.6,42.3,0.01,3.17,0,52,300,580941,11,85.9,0,6.69,0.04,0,0,0,0,0,0,4.55,0,0,88.72,578573,485071,475044,481296,420986,402045,Feces
1226D3LM,1226D3LM,1226,3,10/22/2024,12/9/2024,Loehmer,Feces,FALSE,3.75,1,Freestall,0.5,0.5,0.5,Normal,0.5,Normal,0.13093,0.173085,Normal,12/27/2024,DNeasy PowerSoil Kits,60 ul,211,"18,059,405",NA,AGAGTTTGATCMTGGCTCAG,ATTACCGCGGCTGCTGG,1226D3LM,300,300,20250317_AV241910_Aviti3_Run_106_03_17_25,1226D3LM.L001,587031,587031,43.1,42.7,0.03,3.13,0,52,300,587031,10.9,86.2,0,7.44,0.12,0,0,0,0,0.15,0,4.39,0,0,87.9,585338,504308,492635,499362,419889,390788,Feces
1228D1LM,1228D1LM,1228,1,10/20/2024,12/9/2024,Loehmer,Feces,FALSE,3.5,1,Freestall,0.6,0.8,0.6,Elevated,0.67,Elevated,0.30037,0.13312,Normal,12/24/2024,DNeasy PowerSoil Kits,60 ul,209,"37,750,988",NA,AGAGTTTGATCMTGGCTCAG,ATTACCGCGGCTGCTGG,1228D1LM,300,300,20250317_AV241910_Aviti3_Run_106_03_17_25,1228D1LM.L001,507446,507446,42.6,42.3,0.01,2.88,0,52,300,507446,10.9,86.2,0,7.29,0.09,0,0,0,0,0.02,0,6.36,0,0,86.24,505772,425732,417108,421746,362462,330483,Feces
1228D3LM,1228D3LM,1228,3,10/22/2024,12/9/2024,Loehmer,Feces,FALSE,3.5,1,Freestall,0.6,0.8,0.6,Elevated,0.67,Elevated,0.30037,0.13312,Normal,12/27/2024,DNeasy PowerSoil Kits,60 ul,265,"20,807,137",NA,AGAGTTTGATCMTGGCTCAG,ATTACCGCGGCTGCTGG,1228D3LM,300,300,20250317_AV241910_Aviti3_Run_106_03_17_25,1228D3LM.L001,539599,539599,43.2,42.9,0.01,2.98,0,52,300,539599,10.8,86.4,0,6.63,0.09,0,0,0,0,0.07,0,4.16,0.01,0,89.04,538046,465407,455853,460922,398237,366176,Feces
1234D1LM,1234D1LM,1234,1,11/9/2024,12/9/2024,Loehmer,Feces,FALSE,3.75,1,Freestall,0.6,0.6,0.5,Elevated,0.57,Elevated,0.065935,0.141135,Normal,12/24/2024,DNeasy PowerSoil Kits,60 ul,209,"37,083,004",NA,AGAGTTTGATCMTGGCTCAG,ATTACCGCGGCTGCTGG,1234D1LM,300,300,20250317_AV241910_Aviti3_Run_106_03_17_25,1234D1LM.L001,599635,599635,43.2,42.7,0.01,2.92,0,52,300,599635,10.3,87,0,8.75,0.12,0,0,0,0,0.04,0,3.76,0,0,87.33,597853,515886,506557,511796,446452,426910,Feces
1234D3LM,1234D3LM,1234,3,11/11/2024,12/9/2024,Loehmer,Feces,FALSE,3.75,1,Freestall,0.6,0.6,0.5,Elevated,0.57,Normal,0.065935,0.141135,Normal,12/27/2024,DNeasy PowerSoil Kits,60 ul,316,"17,564,658",NA,AGAGTTTGATCMTGGCTCAG,ATTACCGCGGCTGCTGG,1234D3LM,300,300,20250317_AV241910_Aviti3_Run_106_03_17_25,1234D3LM.L001,603222,603222,42.8,42.3,0.01,3.06,0,52,300,603222,10.5,86.6,0,6.95,0.07,0,0,0,0,0.06,0,4.17,0,0,88.75,600807,508294,497093,503838,426226,391949,Feces
1261D1LM,1261D1LM,1261,1,10/14/2024,12/9/2024,Loehmer,Feces,FALSE,4,1,Freestall,0.4,0.6,0.5,Elevated,0.5,Normal,0.104725,0.57904,Elevated,12/24/2024,DNeasy PowerSoil Kits,60 ul,206,"26,327,861",NA,AGAGTTTGATCMTGGCTCAG,ATTACCGCGGCTGCTGG,1261D1LM,300,300,20250317_AV241910_Aviti3_Run_106_03_17_25,1261D1LM.L001,571501,571501,43,42.7,0.01,3.12,0,52,300,571501,11,85.9,0,7.46,0.09,0,0,0,0,0.06,0,3.8,0,0,88.59,569806,488282,476690,483716,411984,386223,Feces
1261D3LM,1261D3LM,1261,3,10/16/2024,12/9/2024,Loehmer,Feces,FALSE,4,1,Freestall,0.4,0.6,0.5,Elevated,0.5,Normal,0.104725,0.57904,Elevated,12/27/2024,DNeasy PowerSoil Kits,60 ul,291,"19,242,102",NA,AGAGTTTGATCMTGGCTCAG,ATTACCGCGGCTGCTGG,1261D3LM,300,300,20250317_AV241910_Aviti3_Run_106_03_17_25,1261D3LM.L001,507760,507760,42.8,42.4,0.02,3.22,0,52,300,507760,11.7,85.2,0,7.62,0.12,0,0,0,0,0.06,0,4.17,0,0,88.03,505986,430117,420684,426206,368064,343194,Feces
1287D1LM,1287D1LM,1287,1,12/2/2024,1/10/2025,Loehmer,Feces,FALSE,3.75,1,Freestall,0.5,0.5,0.6,Elevated,0.53,Normal,0.07153,0.817,Elevated,1/18/2025,DNeasy PowerSoil Kits,60 ul,200,"149,743,039",NA,AGAGTTTGATCMTGGCTCAG,ATTACCGCGGCTGCTGG,1287D1LM,300,300,20250317_AV241910_Aviti3_Run_106_03_17_25,1287D1LM.L001,750545,750545,43.1,42.5,0,2.77,0,52,300,750545,9.2,88.4,0,5.86,0.04,0,0,0,0,0,0,3.45,0,0,90.65,747503,640065,631354,636318,573418,545953,Feces
1287D3LM,1287D3LM,1287,3,12/4/2024,1/10/2025,Loehmer,Feces,FALSE,3.75,1,Freestall,0.5,0.5,0.6,Elevated,0.53,Normal,0.07153,0.817,Elevated,1/25/2025,DNeasy PowerSoil Kits,60 ul,200,"87,878,867",NA,AGAGTTTGATCMTGGCTCAG,ATTACCGCGGCTGCTGG,1287D3LM,300,300,20250317_AV241910_Aviti3_Run_106_03_17_25,1287D3LM.L001,671897,671897,43,42.6,0.01,2.8,0,52,300,671897,10.1,87.2,0,6.07,0.1,0,0,0,0,0.02,0,4.64,0,0,89.17,669264,574871,565612,570733,510310,479758,Feces
1308D1LM,1308D1LM,1308,1,11/28/2024,1/10/2025,Loehmer,Feces,FALSE,3.5,1,Freestall,0.5,0.4,0.3,Normal,0.4,Normal,0.09477,0.125755,Normal,1/18/2025,DNeasy PowerSoil Kits,60 ul,200,"33,310,974",NA,AGAGTTTGATCMTGGCTCAG,ATTACCGCGGCTGCTGG,1308D1LM,300,300,20250317_AV241910_Aviti3_Run_106_03_17_25,1308D1LM.L001,502682,502682,40.7,38.8,0.01,3.32,0,52,300,502682,10.6,86.4,0,8.61,0.07,0,0,0,0,0.12,0,6.02,0,0.01,85.17,499256,375039,368220,371423,320907,297965,Feces
1308D3LM,1308D3LM,1308,3,11/30/2024,1/10/2025,Loehmer,Feces,FALSE,3.5,1,Freestall,0.5,0.4,0.3,Normal,0.4,Normal,0.09477,0.125755,Normal,1/25/2025,DNeasy PowerSoil Kits,60 ul,200,"26,827,375",NA,AGAGTTTGATCMTGGCTCAG,ATTACCGCGGCTGCTGG,1308D3LM,300,300,20250317_AV241910_Aviti3_Run_106_03_17_25,1308D3LM.L001,462287,462287,42.8,42.2,0.01,2.97,0,53,300,462287,9.8,87.5,0,6.48,0.11,0,0,0,0,0.04,0,6.2,0.01,0,87.16,460714,391386,385166,388542,346895,321353,Feces
1314D1LM,1314D1LM,1314,1,12/13/2024,1/10/2025,Loehmer,Feces,FALSE,3.75,1,Freestall,0.5,0.6,0.5,Elevated,0.53,Normal,0.11839,0.363175,Normal,1/18/2025,DNeasy PowerSoil Kits,60 ul,200,"26,314,961",NA,AGAGTTTGATCMTGGCTCAG,ATTACCGCGGCTGCTGG,1314D1LM,300,300,20250317_AV241910_Aviti3_Run_106_03_17_25,1314D1LM.L001,419121,419121,41.8,40.5,0.01,3.69,0,52,300,419121,12.5,84.1,0,6.31,0.03,0,0,0,0,0.04,0,4.01,0,0,89.61,416915,335027,328253,331901,289133,275690,Feces
1314D3LM,1314D3LM,1314,3,12/15/2024,1/10/2025,Loehmer,Feces,FALSE,3.75,1,Freestall,0.5,0.6,0.5,Elevated,0.53,Normal,0.11839,0.363175,Normal,1/25/2025,DNeasy PowerSoil Kits,60 ul,200,"16,303,562",NA,AGAGTTTGATCMTGGCTCAG,ATTACCGCGGCTGCTGG,1314D3LM,300,300,20250317_AV241910_Aviti3_Run_106_03_17_25,1314D3LM.L001,624562,624562,42.8,42,0.01,3.1,0,52,300,624562,10.1,87,0,6.2,0.12,0,0,0,0,0.04,0,3.66,0,0,89.98,621200,522875,512910,518532,452648,421505,Feces
1320D1LM,1320D1LM,1320,1,12/10/2024,1/10/2025,Loehmer,Feces,FALSE,3.75,1,Freestall,0.3,0.3,0.4,Normal,0.33,Normal,0.05671,0.23184,Normal,1/18/2025,DNeasy PowerSoil Kits,60 ul,200,"60,374,659",NA,AGAGTTTGATCMTGGCTCAG,ATTACCGCGGCTGCTGG,1320D1LM,300,300,20250317_AV241910_Aviti3_Run_106_03_17_25,1320D1LM.L001,729570,729570,43,42.3,0,2.7,0,52,300,729570,9.1,88.4,0,6.08,0.05,0,0,0,0,0.06,0,3.81,0,0,90,727021,619928,611862,616140,551958,525470,Feces
1320D3LM,1320D3LM,1320,3,12/12/2024,1/10/2025,Loehmer,Feces,FALSE,3.75,1,Freestall,0.3,0.3,0.4,Normal,0.33,Normal,0.05671,0.23184,Normal,1/25/2025,DNeasy PowerSoil Kits,60 ul,200,"17,132,971",NA,AGAGTTTGATCMTGGCTCAG,ATTACCGCGGCTGCTGG,1320D3LM,300,300,20250317_AV241910_Aviti3_Run_106_03_17_25,1320D3LM.L001,630133,630133,42.8,42.1,0.01,2.98,0,52,300,630133,10.1,87.1,0,6.23,0.12,0,0,0,0,0.09,0,4.78,0,0,88.78,627324,530855,520470,526524,457197,427566,Feces
1349D1LM,1349D1LM,1349,1,1/31/2025,2/3/2025,Loehmer,Feces,FALSE,3.75,1,Freestall,0.5,0.5,0.7,Elevated,0.57,Normal,0.06311,0.191405,Normal,2/7/2025,DNeasy PowerSoil Kits,60 ul,200,"7,345,211",NA,AGAGTTTGATCMTGGCTCAG,ATTACCGCGGCTGCTGG,1349D1LM,300,300,20250317_AV241910_Aviti3_Run_106_03_17_25,1349D1LM.L001,679713,679713,43,42.3,0,2.16,0,53,300,679713,7.9,90,0,5.6,0.03,0,0,0,0,0.01,0,5.97,0,0,88.39,678022,583854,579717,581694,543830,516519,Feces
1349D3LM,1349D3LM,1349,3,2/2/2025,2/3/2025,Loehmer,Feces,FALSE,3.75,1,Freestall,0.5,0.5,0.7,Elevated,0.57,Normal,0.06311,0.191405,Normal,2/8/2025,DNeasy PowerSoil Kits,60 ul,200,"20,573,056",NA,AGAGTTTGATCMTGGCTCAG,ATTACCGCGGCTGCTGG,1349D3LM,300,300,20250317_AV241910_Aviti3_Run_106_03_17_25,1349D3LM.L001,593593,593593,42.6,41.9,0.01,2.9,0,52,300,593593,10,87.3,0,6.86,0.09,0,0,0,0,0.05,0,4.26,0,0,88.74,590907,493594,484928,489830,428358,400156,Feces
1355D1LM,1355D1LM,1355,1,12/13/2024,1/10/2025,Loehmer,Feces,FALSE,3.5,1,Freestall,0.7,0.6,0.4,Elevated,0.57,Normal,0.23572,0.160515,Normal,1/18/2025,DNeasy PowerSoil Kits,60 ul,200,"29,375,198",NA,AGAGTTTGATCMTGGCTCAG,ATTACCGCGGCTGCTGG,1355D1LM,300,300,20250317_AV241910_Aviti3_Run_106_03_17_25,1355D1LM.L001,706066,706066,42.7,41.9,0.01,2.88,0,52,300,706066,10,87.2,0,6.58,0.07,0,0.02,0,0,0.06,0,4.17,0,0,89.1,703302,592206,581693,587236,511792,480433,Feces
1355D3LM,1355D3LM,1355,3,12/15/2024,1/10/2025,Loehmer,Feces,FALSE,3.5,1,Freestall,0.7,0.6,0.4,Elevated,0.57,Normal,0.23572,0.160515,Normal,1/25/2025,DNeasy PowerSoil Kits,60 ul,200,"20,602,027",NA,AGAGTTTGATCMTGGCTCAG,ATTACCGCGGCTGCTGG,1355D3LM,300,300,20250317_AV241910_Aviti3_Run_106_03_17_25,1355D3LM.L001,566594,566594,42.8,42.1,0.01,3.14,0,52,300,566594,10.8,86.2,0,7.07,0.14,0,0,0,0,0.13,0,4.67,0,0,87.99,564423,477799,466830,473425,402779,374363,Feces
1354D1LM,1354D1LM,1354,1,12/10/2024,1/10/2025,Loehmer,Feces,FALSE,3.5,1,Freestall,0.7,0.8,0.6,Elevated,0.7,Elevated,0.077285,0.13269,Normal,1/18/2025,DNeasy PowerSoil Kits,60 ul,200,"28,650,368",NA,AGAGTTTGATCMTGGCTCAG,ATTACCGCGGCTGCTGG,1354D1LM,300,300,20250317_AV241910_Aviti3_Run_106_03_17_25,1354D1LM.L001,675315,675315,42.9,41.9,0.01,3.02,0,52,300,675315,10.5,86.6,0,6.95,0.14,0,0,0,0,0.05,0,5.73,0,0,87.13,NA,NA,NA,NA,NA,NA,Feces
1354D3LM,1354D3LM,1354,3,12/12/2024,1/10/2025,Loehmer,Feces,FALSE,3.5,1,Freestall,0.7,0.8,0.6,Elevated,0.7,Elevated,0.077285,0.13269,Normal,1/25/2025,DNeasy PowerSoil Kits,60 ul,200,"68,658,278",NA,AGAGTTTGATCMTGGCTCAG,ATTACCGCGGCTGCTGG,1354D3LM,300,300,20250317_AV241910_Aviti3_Run_106_03_17_25,1354D3LM.L001,690146,690146,42.8,42.3,0.01,2.7,0,52,300,690146,9,88.6,0,6.93,0.08,0,0,0,0,0.07,0,3.97,0,0,88.95,NA,NA,NA,NA,NA,NA,Feces
1368D1LM,1368D1LM,1368,1,12/2/2024,1/10/2025,Loehmer,Feces,FALSE,3.75,1,Freestall,0.7,0.6,0.5,Elevated,0.6,Elevated,0.28435,0.14183,Normal,1/18/2025,DNeasy PowerSoil Kits,60 ul,200,"21,470,733",NA,AGAGTTTGATCMTGGCTCAG,ATTACCGCGGCTGCTGG,1368D1LM,300,300,20250317_AV241910_Aviti3_Run_106_03_17_25,1368D1LM.L001,697169,697169,42.8,42,0.01,2.59,0,52,300,697169,8.4,89.2,0,8.87,0.09,0,0,0,0,0.07,0,4.98,0,0,85.99,694220,585213,576862,581080,504102,454078,Feces
1368D3LM,1368D3LM,1368,3,12/4/2024,1/10/2025,Loehmer,Feces,FALSE,3.75,1,Freestall,0.7,0.6,0.5,Elevated,0.6,Elevated,0.28435,0.14183,Normal,1/25/2025,DNeasy PowerSoil Kits,60 ul,200,"13,078,386",NA,AGAGTTTGATCMTGGCTCAG,ATTACCGCGGCTGCTGG,1368D3LM,300,300,20250317_AV241910_Aviti3_Run_106_03_17_25,1368D3LM.L001,594968,594968,42.9,42.3,0.01,3.18,0,52,300,594968,11,85.9,0,6.93,0.12,0,0,0,0,0.12,0,4.22,0,0,88.61,592544,505014,494073,499971,430715,401030,Feces
1409D1LM,1409D1LM,1409,1,1/29/2025,2/3/2025,Loehmer,Feces,FALSE,3.25,1,Freestall,0.5,0.5,0.5,Normal,0.5,Normal,0.352155,0.24538,Normal,2/7/2025,DNeasy PowerSoil Kits,60 ul,200,"26,888,526",NA,AGAGTTTGATCMTGGCTCAG,ATTACCGCGGCTGCTGG,1409D1LM,300,300,20250317_AV241910_Aviti3_Run_106_03_17_25,1409D1LM.L001,660205,660205,43.1,42.5,0.01,2.93,0,52,300,660205,10.1,87.3,0,6.28,0.04,0,0,0,0,0.04,0,4.7,0,0,88.94,658592,565753,554370,561405,493200,469493,Feces
1409D3LM,1409D3LM,1409,3,1/31/2025,2/3/2025,Loehmer,Feces,FALSE,3.25,1,Freestall,0.5,0.5,0.5,Normal,0.5,Normal,0.352155,0.24538,Normal,2/8/2025,DNeasy PowerSoil Kits,60 ul,200,"18,390,471",NA,AGAGTTTGATCMTGGCTCAG,ATTACCGCGGCTGCTGG,1409D3LM,300,300,20250317_AV241910_Aviti3_Run_106_03_17_25,1409D3LM.L001,696577,696577,42.9,42.6,0.01,2.64,0,52,300,696577,9.2,88.3,0,7.47,0.15,0,0,0,0,0.1,0,4.78,0,0,87.5,694759,594656,585405,590300,520052,477293,Feces
279D1LM,279D1LM,279,1,1/17/2025,2/3/2025,Loehmer,Feces,FALSE,3.75,2,Freestall,0.5,0.4,0.3,Normal,0.4,Normal,0.12807,0.130825,Normal,2/7/2025,DNeasy PowerSoil Kits,60 ul,200,"26,314,569",NA,AGAGTTTGATCMTGGCTCAG,ATTACCGCGGCTGCTGG,279D1LM,300,300,20250317_AV241910_Aviti3_Run_106_03_17_25,279D1LM.L001,822348,822348,42.9,42.4,0.01,2.5,0,52,300,822348,8.7,89,0,5.86,0.1,0,0,0,0,0.06,0,4.12,0,0,89.86,820044,700284,690463,695784,623627,585355,Feces
279D3LM,279D3LM,279,3,1/19/2025,2/3/2025,Loehmer,Feces,FALSE,3.75,2,Freestall,0.5,0.4,0.3,Normal,0.4,Normal,0.12807,0.130825,Normal,2/8/2025,DNeasy PowerSoil Kits,60 ul,200,"34,414,150",NA,AGAGTTTGATCMTGGCTCAG,ATTACCGCGGCTGCTGG,279D3LM,300,300,20250317_AV241910_Aviti3_Run_106_03_17_25,279D3LM.L001,420813,420813,43.1,42.8,0.01,3.11,0,52,300,420813,10.7,86.4,0,6.74,0.15,0,0,0,0,0.1,0,4.69,0,0,88.32,419743,362177,356186,359276,319997,298088,Feces
288-PBS,288-PBS,288,1,10/17/2024,12/9/2024,Loehmer,Environmental_Control,FALSE,3.25,2,Freestall,0.7,0.7,0.4,Elevated,0.6,Elevated,0.174235,0.240435,Normal,12/24/2024,DNeasy PowerSoil Kits,60 ul,0,35,NA,AGAGTTTGATCMTGGCTCAG,ATTACCGCGGCTGCTGG,288-PBS,300,300,20250317_AV241910_Aviti3_Run_106_03_17_25,288.PBS.L001,24089,24089,42.3,42,0.16,10.83,0,56,300,24089,60.9,24.8,0,26.95,0.21,0.04,0,0,0,0.96,0,9.75,0,0,62.09,23567,19734,19714,19692,19368,19288,Environmental_Control
288D1LM,288D1LM,288,1,10/17/2024,12/9/2024,Loehmer,Feces,FALSE,3.25,2,Freestall,0.7,0.7,0.4,Elevated,0.6,Elevated,0.174235,0.240435,Normal,12/24/2024,DNeasy PowerSoil Kits,60 ul,273,"18,060,899",NA,AGAGTTTGATCMTGGCTCAG,ATTACCGCGGCTGCTGG,288D1LM,300,300,20250317_AV241910_Aviti3_Run_106_03_17_25,288D1LM.L001,692587,692587,42.8,42.3,0,2.62,0,52,300,692587,8.9,88.6,0,6.46,0.06,0,0,0,0,0.13,0,4.78,0,0,88.57,689971,585425,577422,581104,516435,477341,Feces
288D3LM,288D3LM,288,3,10/19/2024,12/9/2024,Loehmer,Feces,FALSE,3.25,2,Freestall,0.7,0.7,0.4,Elevated,0.6,Elevated,0.071195,0.05089,Normal,12/27/2024,DNeasy PowerSoil Kits,60 ul,233,"25,754,836",NA,AGAGTTTGATCMTGGCTCAG,ATTACCGCGGCTGCTGG,288D3LM,300,300,20250317_AV241910_Aviti3_Run_106_03_17_25,288D3LM.L001,676474,676474,42.8,42.1,0,2.44,0,52,300,676474,8.4,89.3,0,6.94,0.04,0,0,0,0,0.05,0,5.86,0,0,87.11,673540,572239,564841,568256,514186,465183,Feces
302D1LM-PBS,302D1LM-PBS,302,1,11/5/2024,12/9/2024,Loehmer,Environmental_Control,FALSE,3,2,Freestall,0.6,0.5,0.5,Elevated,0.53,Normal,0.071195,0.05089,Normal,12/24/2024,DNeasy PowerSoil Kits,60 ul,0,22,NA,AGAGTTTGATCMTGGCTCAG,ATTACCGCGGCTGCTGG,302-PBS,300,300,20250317_AV241910_Aviti3_Run_106_03_17_25,302.PBS.L001,19681,19681,43,42.6,0.11,11.45,0,57,300,19681,64,20.9,0,25.61,0.27,0,0,0,0,0.06,0,9.34,0,0,64.72,NA,NA,NA,NA,NA,NA,Environmental_Control
302D1LM,302D1LM,302,1,11/5/2024,12/9/2024,Loehmer,Feces,FALSE,3,2,Freestall,0.6,0.5,0.5,Elevated,0.53,Normal,0.071195,0.05089,Normal,12/24/2024,DNeasy PowerSoil Kits,60 ul,154,"18,972,389",NA,AGAGTTTGATCMTGGCTCAG,ATTACCGCGGCTGCTGG,302D1LM,300,300,20250317_AV241910_Aviti3_Run_106_03_17_25,302D1LM.L001,670782,670782,43.2,42.8,0.01,2.51,0,53,300,670782,9,88.4,0,8.32,0.06,0,0,0,0,0.05,0,3.99,0,0,87.58,669011,578318,571637,575135,522075,498944,Feces
302D3LM,302D3LM,302,3,11/7/2024,12/9/2024,Loehmer,Feces,FALSE,3,2,Freestall,0.6,0.5,0.5,Elevated,0.53,Normal,0.068355,0.92925,Elevated,12/27/2024,DNeasy PowerSoil Kits,60 ul,262,"109,696,264",NA,AGAGTTTGATCMTGGCTCAG,ATTACCGCGGCTGCTGG,302D3LM,300,300,20250317_AV241910_Aviti3_Run_106_03_17_25,302D3LM.L001,745767,745767,42.8,42.2,0,2.54,0,53,300,745767,8.2,89.5,0,6.4,0.07,0,0,0,0,0.03,0,4.11,0,0,89.39,742587,629358,622961,626210,569129,535726,Feces
321D1LM,321D1LM,321,1,10/26/2024,12/9/2024,Loehmer,Feces,FALSE,3.5,2,Freestall,0.5,0.6,0.7,Elevated,0.6,Elevated,0.068355,0.92925,Elevated,12/24/2024,DNeasy PowerSoil Kits,60 ul,235,"19,042,633",NA,AGAGTTTGATCMTGGCTCAG,ATTACCGCGGCTGCTGG,321D1LM,300,300,20250317_AV241910_Aviti3_Run_106_03_17_25,321D1LM.L001,535867,535867,42.9,42.6,0.01,2.61,0,53,300,535867,9.4,88,0,4.83,0.08,0,0,0,0,0.11,0,10.91,0,0,84.07,534433,457253,451204,454285,410842,356976,Feces
321D3LM,321D3LM,321,3,10/28/2024,12/9/2024,Loehmer,Feces,FALSE,3.5,2,Freestall,0.5,0.6,0.7,Elevated,0.6,Elevated,0.510565,0.20946,Elevated,12/27/2024,DNeasy PowerSoil Kits,60 ul,265,"45,030,999",NA,AGAGTTTGATCMTGGCTCAG,ATTACCGCGGCTGCTGG,321D3LM,300,300,20250317_AV241910_Aviti3_Run_106_03_17_25,321D3LM.L001,477094,477094,42.9,42.5,0.01,2.95,0,52,300,477094,9.8,87.5,0,6.14,0.07,0,0,0,0,0.1,0,4.25,0,0,89.44,475526,405102,398880,402017,355238,331817,Feces
403D1LM,403D1LM,403,1,10/12/2024,12/9/2024,Loehmer,Feces,FALSE,3.5,2,Freestall,0.7,0.6,0.5,Elevated,0.6,Elevated,0.1042,0.0427,Normal,12/24/2024,DNeasy PowerSoil Kits,60 ul,268,"18,100,276",NA,AGAGTTTGATCMTGGCTCAG,ATTACCGCGGCTGCTGG,403D1LM,300,300,20250317_AV241910_Aviti3_Run_106_03_17_25,403D1LM.L001,144175,144175,38.2,35.4,0.01,6.33,0,53,300,144175,19.5,74.9,0,8.25,0.08,0,0,0,0,0.09,0,6.78,0,0,84.8,142401,88929,85357,87315,68236,65815,Feces
403D3LM,403D3LM,403,3,10/14/2024,12/9/2024,Loehmer,Feces,FALSE,3.5,2,Freestall,0.7,0.6,0.5,Elevated,0.6,Elevated,0.1042,0.0427,Normal,12/27/2024,DNeasy PowerSoil Kits,60 ul,261,"11,033,000",NA,AGAGTTTGATCMTGGCTCAG,ATTACCGCGGCTGCTGG,403D3LM,300,300,20250317_AV241910_Aviti3_Run_106_03_17_25,403D3LM.L001,440319,440319,42.8,42.1,0.01,3.37,0,52,300,440319,11.4,85.4,0,5.55,0.1,0,0,0,0,0.09,0,4.84,0,0,89.42,438235,370631,363418,367641,323586,299409,Feces
466D1LM,466D1LM,466,1,11/22/2024,1/10/2025,Loehmer,Feces,FALSE,3.75,2,Freestall,0.5,0.4,0.4,Normal,0.43,Normal,0.06474,0.15261,Normal,1/18/2025,DNeasy PowerSoil Kits,60 ul,200,"39,441,569",NA,AGAGTTTGATCMTGGCTCAG,ATTACCGCGGCTGCTGG,466D1LM,300,300,20250317_AV241910_Aviti3_Run_106_03_17_25,466D1LM.L001,678488,678488,42.6,41.7,0.01,2.94,0,52,300,678488,9.9,87.4,0,6.71,0.06,0,0,0,0,0.04,0,5.21,0,0,87.98,676110,565502,556708,561287,496750,472036,Feces
466D3LM,466D3LM,466,3,11/24/2024,1/10/2025,Loehmer,Feces,FALSE,3.75,2,Freestall,0.5,0.4,0.4,Normal,0.43,Normal,0.06474,0.15261,Normal,1/25/2025,DNeasy PowerSoil Kits,60 ul,200,"20,389,289",NA,AGAGTTTGATCMTGGCTCAG,ATTACCGCGGCTGCTGG,466D3LM,300,300,20250317_AV241910_Aviti3_Run_106_03_17_25,466D3LM.L001,454120,454120,42.2,41,0.01,3.2,0,52,300,454120,10.1,87,0,7.06,0.08,0,0,0,0,0.05,0,6.25,0,0,86.56,452288,370530,364086,367568,322747,296379,Feces
487D1LM,487D1LM,487,1,10/12/2024,12/9/2024,Loehmer,Feces,FALSE,3.25,2,Freestall,0.5,0.9,0.8,Elevated,0.73,Elevated,0.10068,1.898008,Elevated,12/24/2024,DNeasy PowerSoil Kits,60 ul,190,"22,759,796",NA,AGAGTTTGATCMTGGCTCAG,ATTACCGCGGCTGCTGG,487D1LM,300,300,20250317_AV241910_Aviti3_Run_106_03_17_25,487D1LM.L001,526328,526328,42.9,42,0.01,3.3,0,52,300,526328,10.7,86.3,0,6.68,0.04,0,0,0,0,0.05,0,4.14,0,0,89.09,524329,443837,435693,440367,386124,370343,Feces
487D3LM,487D3LM,487,3,10/14/2024,12/9/2024,Loehmer,Feces,FALSE,3.25,2,Freestall,0.5,0.9,0.8,Elevated,0.73,Elevated,0.10068,1.898008,Elevated,12/27/2024,DNeasy PowerSoil Kits,60 ul,371,"19,151,004",NA,AGAGTTTGATCMTGGCTCAG,ATTACCGCGGCTGCTGG,487D3LM,300,300,20250317_AV241910_Aviti3_Run_106_03_17_25,487D3LM.L001,693563,693563,42.7,42.3,0.01,3.21,0,52,300,693563,11.3,85.5,0,6.33,0.24,0,0,0,0,0.11,0,4.4,0,0,88.92,690235,582722,568434,577650,487433,460026,Feces
496D1LM,496D1LM,496,1,12/7/2024,1/10/2025,Loehmer,Feces,FALSE,4.25,2,Freestall,0.5,0.5,0.4,Normal,0.47,Normal,0.083475,0.05263,Normal,1/18/2025,DNeasy PowerSoil Kits,60 ul,200,"35,649,739",NA,AGAGTTTGATCMTGGCTCAG,ATTACCGCGGCTGCTGG,496D1LM,300,300,20250317_AV241910_Aviti3_Run_106_03_17_25,496D1LM.L001,601350,601350,43,42.2,0.01,2.85,0,52,300,601350,9.7,87.6,0,7.62,0.11,0,0,0,0,0.1,0,4.62,0,0,87.55,599409,512286,504095,508004,448576,421597,Feces
496D3LM,496D3LM,496,3,12/9/2024,1/10/2025,Loehmer,Feces,FALSE,4.25,2,Freestall,0.5,0.5,0.4,Normal,0.47,Normal,0.083475,0.05263,Normal,1/25/2025,DNeasy PowerSoil Kits,60 ul,200,"71,320,079",NA,AGAGTTTGATCMTGGCTCAG,ATTACCGCGGCTGCTGG,496D3LM,300,300,20250317_AV241910_Aviti3_Run_106_03_17_25,496D3LM.L001,569128,569128,42.2,41.1,0,2.87,0,52,300,569128,9,88.5,0,7.24,0.07,0,0,0,0,0.05,0,3.45,0,0.01,89.18,566465,463147,456826,460368,410838,389092,Feces
504D1LM,504D1LM,504,1,11/16/2024,12/9/2024,Loehmer,Feces,FALSE,3.75,2,Freestall,0.6,0.6,0.5,Elevated,0.57,Normal,0.26634,0.208905,Normal,12/24/2024,DNeasy PowerSoil Kits,60 ul,314,"92,595,163",NA,AGAGTTTGATCMTGGCTCAG,ATTACCGCGGCTGCTGG,504D1LM,300,300,20250317_AV241910_Aviti3_Run_106_03_17_25,504D1LM.L001,608638,608638,43.2,42.9,0.01,2.57,0,52,300,608638,9.2,88.4,0,6.54,0.08,0,0,0,0,0.05,0,4.26,0,0,89.07,607300,525844,518090,522244,460215,431184,Feces
504D3LM,504D3LM,504,3,11/18/2024,12/9/2024,Loehmer,Feces,FALSE,3.75,2,Freestall,0.6,0.6,0.5,Elevated,0.57,Normal,0.26634,0.208905,Normal,12/27/2024,DNeasy PowerSoil Kits,60 ul,424,"14,473,657",NA,AGAGTTTGATCMTGGCTCAG,ATTACCGCGGCTGCTGG,504D3LM,300,300,20250317_AV241910_Aviti3_Run_106_03_17_25,504D3LM.L001,685149,685149,42.9,42.5,0.01,2.69,0,53,300,685149,9.2,88.2,0,6.23,0.16,0,0,0,0,0.09,0,6.35,0,0,87.17,683159,583424,573275,578174,495348,435473,Feces
516D1LM,516D1LM,516,1,1/25/2025,2/3/2025,Loehmer,Feces,FALSE,3.5,2,Freestall,0.5,0.4,0.3,Normal,0.4,Normal,0.13196,0.26407,Normal,2/7/2025,DNeasy PowerSoil Kits,60 ul,200,"36,994,304",NA,AGAGTTTGATCMTGGCTCAG,ATTACCGCGGCTGCTGG,516D1LM,300,300,20250317_AV241910_Aviti3_Run_106_03_17_25,516D1LM.L001,632098,632098,43.2,42.9,0.01,2.24,0,53,300,632098,8.3,89.6,0,7.71,0.05,0,0,0,0,0.04,0,5.72,0,0,86.48,630873,545636,539749,542749,494853,458917,Feces
516D3LM,516D3LM,516,3,1/27/2025,2/3/2025,Loehmer,Feces,FALSE,3.5,2,Freestall,0.5,0.4,0.3,Normal,0.4,Normal,0.13196,0.26407,Normal,2/8/2025,DNeasy PowerSoil Kits,60 ul,200,"18,053,530",NA,AGAGTTTGATCMTGGCTCAG,ATTACCGCGGCTGCTGG,516D3LM,300,300,20250317_AV241910_Aviti3_Run_106_03_17_25,516D3LM.L001,666096,666096,42.9,42.5,0.01,2.46,0,53,300,666096,8,89.7,0,6.72,0.01,0,0,0,0,0.1,0,7.6,0,0,85.57,664198,567442,560905,564384,515723,477544,Feces
519D1LM,519D1LM,519,1,10/26/2024,12/9/2024,Loehmer,Feces,FALSE,2.75,2,Freestall,0.7,0.7,0.5,Elevated,0.63,Elevated,0.191965,0.41127,Normal,12/24/2024,DNeasy PowerSoil Kits,60 ul,226,"34,414,664",NA,AGAGTTTGATCMTGGCTCAG,ATTACCGCGGCTGCTGG,519D1LM,300,300,20250317_AV241910_Aviti3_Run_106_03_17_25,519D1LM.L001,736119,736119,42.9,42.5,0.01,2.41,0,52,300,736119,8.6,89,0,7.6,0.12,0,0,0,0,0.05,0,5.24,0,0,86.99,733939,624701,617433,620306,539122,488479,Feces
519D3LM,519D3LM,519,3,10/28/2024,12/9/2024,Loehmer,Feces,FALSE,2.75,2,Freestall,0.7,0.7,0.5,Elevated,0.63,Elevated,0.191965,0.41127,Normal,12/27/2024,DNeasy PowerSoil Kits,60 ul,269,"28,044,125",NA,AGAGTTTGATCMTGGCTCAG,ATTACCGCGGCTGCTGG,519D3LM,300,300,20250317_AV241910_Aviti3_Run_106_03_17_25,519D3LM.L001,622515,622515,42.9,42.4,0.01,2.43,0,52,300,622515,8.6,89,0,6.11,0.13,0,0,0,0,0.14,0,10.33,0,0,83.29,620262,527004,521300,523486,452461,396866,Feces
580D1LM,580D1LM,580,1,11/15/2024,12/9/2024,Loehmer,Feces,FALSE,2.75,2,Freestall,0.6,0.7,0.9,Elevated,0.73,Elevated,0.235345,0.417575,Normal,12/24/2024,DNeasy PowerSoil Kits,60 ul,343,"24,831,341",NA,AGAGTTTGATCMTGGCTCAG,ATTACCGCGGCTGCTGG,580D1LM,300,300,20250317_AV241910_Aviti3_Run_106_03_17_25,580D1LM.L001,625794,625794,43.1,42.7,0.01,2.49,0,52,300,625794,8.7,88.9,0,6.1,0.07,0,0,0,0,0.1,0,5.47,0,0,88.26,624261,537369,529916,533007,465830,413984,Feces
580D3LM,580D3LM,580,3,11/17/2024,12/9/2024,Loehmer,Feces,FALSE,2.75,2,Freestall,0.6,0.7,0.9,Elevated,0.73,Elevated,0.235345,0.417575,Normal,12/27/2024,DNeasy PowerSoil Kits,60 ul,366,"12,860,938",NA,AGAGTTTGATCMTGGCTCAG,ATTACCGCGGCTGCTGG,580D3LM,300,300,20250317_AV241910_Aviti3_Run_106_03_17_25,580D3LM.L001,678132,678132,43.1,42.8,0.01,2.67,0,52,300,678132,9.2,88.3,0,7.65,0.1,0,0,0,0,0.09,0,5.67,0,0,86.49,676009,583085,572561,578355,495620,441656,Feces
5839D1LM,5839D1LM,5839,1,10/11/2024,12/9/2024,Loehmer,Feces,FALSE,3.5,4,Freestall,0.4,0.3,0.3,Normal,0.33,Normal,0.15716,0.03922,Normal,12/24/2024,DNeasy PowerSoil Kits,60 ul,323,"63,581,661",NA,AGAGTTTGATCMTGGCTCAG,ATTACCGCGGCTGCTGG,5839D1LM,300,300,20250317_AV241910_Aviti3_Run_106_03_17_25,5839D1LM.L001,111064,111064,43.2,42.9,0.01,5.87,0,52,300,111064,19.6,75.2,0,6.54,0.02,0,0,0,0,0.02,0,4.42,0,0.01,88.99,110707,95210,92602,93631,80526,76525,Feces
5839D3LM,5839D3LM,5839,3,10/13/2024,12/9/2024,Loehmer,Feces,FALSE,3.5,4,Freestall,0.4,0.3,0.3,Normal,0.33,Normal,0.15716,0.03922,Normal,12/27/2024,DNeasy PowerSoil Kits,60 ul,318,"24,963,077",NA,AGAGTTTGATCMTGGCTCAG,ATTACCGCGGCTGCTGG,5839D3LM,300,300,20250317_AV241910_Aviti3_Run_106_03_17_25,5839D3LM.L001,487402,487402,42.4,41.8,0.01,3.3,0,52,300,487402,11.2,85.7,0,5.72,0.13,0,0,0,0,0.08,0,5.86,0,0,88.21,485345,404933,397052,401281,352346,326846,Feces
5842D1LM,5842D1LM,5842,1,1/26/2025,2/3/2025,Loehmer,Feces,FALSE,3.25,4,Freestall,0.6,0.5,0.7,Elevated,0.6,Elevated,0.11314,0.18204,Normal,2/7/2025,DNeasy PowerSoil Kits,60 ul,200,"110,344,102",NA,AGAGTTTGATCMTGGCTCAG,ATTACCGCGGCTGCTGG,5842D1LM,300,300,20250317_AV241910_Aviti3_Run_106_03_17_25,5842D1LM.L001,514975,514975,42.9,42.6,0.01,2.92,0,52,300,514975,10,87.3,0,5.58,0.1,0,0,0,0,0.01,0,4.57,0,0,89.74,513483,436989,430814,434054,388127,374158,Feces
5842D3LM,5842D3LM,5842,3,1/28/2025,2/3/2025,Loehmer,Feces,FALSE,3.25,4,Freestall,0.6,0.5,0.7,Elevated,0.6,Elevated,0.11314,0.18204,Normal,2/8/2025,DNeasy PowerSoil Kits,60 ul,200,"12,729,223",NA,AGAGTTTGATCMTGGCTCAG,ATTACCGCGGCTGCTGG,5842D3LM,300,300,20250317_AV241910_Aviti3_Run_106_03_17_25,5842D3LM.L001,565833,565833,43.1,43,0,1.92,0,53,300,565833,7,91.1,0,4.42,0.03,0,0,0,0,0.02,0,12.88,0,0.01,82.64,564624,489992,486238,487567,459796,404015,Feces
5943D1LM,5943D1LM,5943,1,11/5/2024,12/9/2024,Loehmer,Feces,FALSE,3.25,4,Freestall,0.6,0.6,0.7,Elevated,0.63,Elevated,0.317595,0.412895,Normal,12/24/2024,DNeasy PowerSoil Kits,60 ul,23.3,"2,158,351",NA,AGAGTTTGATCMTGGCTCAG,ATTACCGCGGCTGCTGG,5943D1LM,300,300,20250317_AV241910_Aviti3_Run_106_03_17_25,5943D1LM.L001,498142,498142,43.2,42.9,0.01,3.02,0,52,300,498142,10.5,86.6,0,5.45,0.06,0,0,0,0,0.08,0,2.8,0,0,91.61,496938,430775,425317,428099,386727,370573,Feces
5943D3LM,5943D3LM,5943,3,11/7/2024,12/9/2024,Loehmer,Feces,FALSE,3.25,4,Freestall,0.6,0.6,0.7,Elevated,0.63,Elevated,0.317595,0.412895,Normal,12/27/2024,DNeasy PowerSoil Kits,60 ul,302,"17,531,389",NA,AGAGTTTGATCMTGGCTCAG,ATTACCGCGGCTGCTGG,5943D3LM,300,300,20250317_AV241910_Aviti3_Run_106_03_17_25,5943D3LM.L001,571420,571420,42.7,42.4,0.01,2.7,0,52,300,571420,9.4,88,0,6.32,0.12,0,0,0,0,0.09,0,5.96,0,0,87.51,569175,481486,473554,477835,419074,372739,Feces
5967D1LM,5967D1LM,5967,1,11/23/2024,1/10/2025,Loehmer,Feces,FALSE,3.5,4,Freestall,0.5,0.3,0.3,Normal,0.37,Normal,0.06064,0.05403,Normal,1/18/2025,DNeasy PowerSoil Kits,60 ul,200,"13,838,492",NA,AGAGTTTGATCMTGGCTCAG,ATTACCGCGGCTGCTGG,5967D1LM,300,300,20250317_AV241910_Aviti3_Run_106_03_17_25,5967D1LM.L001,467724,467724,39.8,36.9,0.01,3.82,0,52,300,467724,11.6,84.9,0,8,0.08,0,0,0,0,0.05,0,5.16,0,0,86.71,464348,328489,321276,325193,272965,260609,Feces
5967D3LM,5967D3LM,5967,3,11/25/2024,1/10/2025,Loehmer,Feces,FALSE,3.5,4,Freestall,0.5,0.3,0.3,Normal,0.37,Normal,0.06064,0.05403,Normal,1/25/2025,DNeasy PowerSoil Kits,60 ul,200,"25,504,842",NA,AGAGTTTGATCMTGGCTCAG,ATTACCGCGGCTGCTGG,5967D3LM,300,300,20250317_AV241910_Aviti3_Run_106_03_17_25,5967D3LM.L001,693588,693588,41.8,40.7,0.01,2.74,0,52,300,693588,9.4,88,0,9.03,0.07,0,0,0,0,0.07,0,5.7,0,0,85.13,690128,552741,543469,548168,473975,435250,Feces
608D1LM,608D1LM,608,1,12/5/2024,1/10/2025,Loehmer,Feces,FALSE,3.5,2,Freestall,0.7,0.6,0.6,Elevated,0.63,Elevated,0.250915,0.22986,Normal,1/18/2025,DNeasy PowerSoil Kits,60 ul,200,"41,137,668",NA,AGAGTTTGATCMTGGCTCAG,ATTACCGCGGCTGCTGG,608D1LM,300,300,20250317_AV241910_Aviti3_Run_106_03_17_25,608D1LM.L001,602180,602180,43,42.2,0,2.51,0,52,300,602180,8.6,89.1,0,6.33,0.06,0,0,0,0,0.02,0,4.48,0,0,89.11,600597,511959,504754,508698,454321,426315,Feces
608D3LM,608D3LM,608,3,12/7/2024,1/10/2025,Loehmer,Feces,FALSE,3.5,2,Freestall,0.7,0.6,0.6,Elevated,0.63,Elevated,0.250915,0.22986,Normal,1/25/2025,DNeasy PowerSoil Kits,60 ul,200,"15,670,345",NA,AGAGTTTGATCMTGGCTCAG,ATTACCGCGGCTGCTGG,608D3LM,300,300,20250317_AV241910_Aviti3_Run_106_03_17_25,608D3LM.L001,672344,672344,42.3,41.4,0.01,2.56,0,53,300,672344,8.4,89.2,0,7.12,0.08,0,0,0,0,0.07,0,5.66,0,0,87.07,669824,556366,549317,553069,495859,457752,Feces
616D1LM,616D1LM,616,1,1/21/2025,2/3/2025,Loehmer,Feces,FALSE,3,2,Freestall,0.5,0.5,0.4,Normal,0.47,Normal,0.364885,0.20166,Normal,2/7/2025,DNeasy PowerSoil Kits,60 ul,200,"30,650,857",NA,AGAGTTTGATCMTGGCTCAG,ATTACCGCGGCTGCTGG,616D1LM,300,300,20250317_AV241910_Aviti3_Run_106_03_17_25,616D1LM.L001,706205,706205,43,42.4,0.01,2.74,0,52,300,706205,9.4,88,0,5.94,0.09,0,0,0,0,0.02,0,4.08,0,0,89.87,704125,602591,593305,598192,531658,494374,Feces
616D3LM,616D3LM,616,3,1/23/2025,2/3/2025,Loehmer,Feces,FALSE,3,2,Freestall,0.5,0.5,0.4,Normal,0.47,Normal,0.364885,0.20166,Normal,2/8/2025,DNeasy PowerSoil Kits,60 ul,200,"31,415,584",NA,AGAGTTTGATCMTGGCTCAG,ATTACCGCGGCTGCTGG,616D3LM,300,300,20250317_AV241910_Aviti3_Run_106_03_17_25,616D3LM.L001,630486,630486,42.8,42.4,0.01,2.69,0,52,300,630486,8.9,88.6,0,6.87,0.05,0,0,0,0,0.09,0,5,0,0,87.99,628423,532610,525436,529533,472395,443286,Feces
6174D1LM,6174D1LM,6174,1,10/17/2024,12/9/2024,Loehmer,Feces,FALSE,3.5,4,Freestall,0.3,0.6,0.4,Elevated,0.43,Normal,0.066565,0.068435,Normal,12/24/2024,DNeasy PowerSoil Kits,60 ul,274,"34,158,899",NA,AGAGTTTGATCMTGGCTCAG,ATTACCGCGGCTGCTGG,6174D1LM,300,300,20250317_AV241910_Aviti3_Run_106_03_17_25,6174D1LM.L001,579885,579885,42.9,42.5,0.01,2.95,0,52,300,579885,9.9,87.3,0,6.87,0.07,0,0,0,0,0.08,0,4.99,0,0,87.99,578130,491917,481979,487751,417787,390917,Feces
6174D3LM,6174D3LM,6174,3,10/19/2024,12/9/2024,Loehmer,Feces,FALSE,3.5,4,Freestall,0.3,0.6,0.4,Elevated,0.43,Normal,0.066565,0.068435,Normal,12/27/2024,DNeasy PowerSoil Kits,60 ul,247,"15,895,497",NA,AGAGTTTGATCMTGGCTCAG,ATTACCGCGGCTGCTGG,6174D3LM,300,300,20250317_AV241910_Aviti3_Run_106_03_17_25,6174D3LM.L001,506981,506981,43,42.7,0.01,2.81,0,52,300,506981,9.6,87.8,0,6.65,0.05,0,0,0,0,0.08,0,5.21,0,0,88.01,505599,434653,426778,431167,377856,344957,Feces
6197D1LM,6197D1LM,6197,1,11/16/2024,1/10/2025,Loehmer,Feces,FALSE,4,4,Freestall,0.5,0.5,0.3,Normal,0.43,Normal,0.21332,0.08168,Normal,1/18/2025,DNeasy PowerSoil Kits,60 ul,200,"28,978,356",NA,AGAGTTTGATCMTGGCTCAG,ATTACCGCGGCTGCTGG,6197D1LM,300,300,20250317_AV241910_Aviti3_Run_106_03_17_25,6197D1LM.L001,289608,289608,36.9,33.7,0.01,4.64,0,53,300,289608,13.4,82.5,0,10.13,0.09,0,0,0,0,0.11,0,6.19,0,0,83.48,285256,158266,154200,156427,123581,118819,Feces
6197D3LM,6197D3LM,6197,3,11/18/2024,1/10/2025,Loehmer,Feces,FALSE,4,4,Freestall,0.5,0.5,0.3,Normal,0.43,Normal,0.21332,0.08168,Normal,1/25/2025,DNeasy PowerSoil Kits,60 ul,200,"19,179,428",NA,AGAGTTTGATCMTGGCTCAG,ATTACCGCGGCTGCTGG,6197D3LM,300,300,20250317_AV241910_Aviti3_Run_106_03_17_25,6197D3LM.L001,554311,554311,38,34.9,0.01,3.45,0,53,300,554311,9.8,87.2,0,9.33,0.04,0,0,0,0,0.06,0,8.12,0,0,82.45,547565,346636,341563,344304,298044,275664,Feces
6209D1LM,6209D1LM,6209,1,11/27/2024,1/10/2025,Loehmer,Feces,FALSE,3.25,4,Freestall,0.5,0.5,0.5,Normal,0.5,Normal,0.069545,0.1061,Normal,1/18/2025,DNeasy PowerSoil Kits,60 ul,200,"19,721,370",NA,AGAGTTTGATCMTGGCTCAG,ATTACCGCGGCTGCTGG,6209D1LM,300,300,20250317_AV241910_Aviti3_Run_106_03_17_25,6209D1LM.L001,810730,810730,42.7,42,0.01,2.77,0,52,300,810730,9.1,88.4,0,6.8,0.08,0,0,0,0,0.05,0,5.19,0,0,87.88,806799,678046,666166,673027,584144,544127,Feces
6209D3LM,6209D3LM,6209,3,11/29/2024,1/10/2025,Loehmer,Feces,FALSE,3.25,4,Freestall,0.5,0.5,0.5,Normal,0.5,Normal,0.069545,0.1061,Normal,1/25/2025,DNeasy PowerSoil Kits,60 ul,200,"47,738,071",NA,AGAGTTTGATCMTGGCTCAG,ATTACCGCGGCTGCTGG,6209D3LM,300,300,20250317_AV241910_Aviti3_Run_106_03_17_25,6209D3LM.L001,653297,653297,42.8,42,0,2.69,0,52,300,653297,8.8,88.7,0,6.4,0.08,0,0,0,0,0.1,0,5.96,0,0,87.46,650361,548592,541421,544753,487704,452411,Feces
6333D1LM,6333D1LM,6333,1,1/28/2025,2/3/2025,Loehmer,Feces,FALSE,2.75,4,Freestall,0.6,0.5,0.6,Elevated,0.57,Normal,0.10989,0.1603,Normal,2/7/2025,DNeasy PowerSoil Kits,60 ul,200,"12,823,437",NA,AGAGTTTGATCMTGGCTCAG,ATTACCGCGGCTGCTGG,6333D1LM,300,300,20250317_AV241910_Aviti3_Run_106_03_17_25,6333D1LM.L001,12878,12878,39.4,37.8,0.03,12.56,0,53,300,12878,41.8,47.5,0,11.24,0.13,0,0,0,0,0.06,0,5.51,0,0,83.06,12821,9032,8402,8568,6309,6199,Feces
6333D3LM,6333D3LM,6333,3,1/30/2025,2/3/2025,Loehmer,Feces,FALSE,2.75,4,Freestall,0.6,0.5,0.6,Elevated,0.57,Normal,0.10989,0.1603,Normal,2/8/2025,DNeasy PowerSoil Kits,60 ul,200,"52,612,096",NA,AGAGTTTGATCMTGGCTCAG,ATTACCGCGGCTGCTGG,6333D3LM,300,300,20250317_AV241910_Aviti3_Run_106_03_17_25,6333D3LM.L001,650646,650646,42.7,42.2,0,2.47,0,52,300,650646,7.8,90.1,0,8.45,0.07,0,0,0,0,0.07,0,4.72,0,0,86.69,648528,545716,538779,542639,489444,456912,Feces
6347D1LM,6347D1LM,6347,1,1/12/2025,2/3/2025,Loehmer,Feces,FALSE,2.25,4,Freestall,0.4,0.5,0.4,Normal,0.43,Normal,0.07418,0.21917,Normal,2/7/2025,DNeasy PowerSoil Kits,60 ul,200,"23,285,227",NA,AGAGTTTGATCMTGGCTCAG,ATTACCGCGGCTGCTGG,6347D1LM,300,300,20250317_AV241910_Aviti3_Run_106_03_17_25,6347D1LM.L001,558246,558246,43,42.5,0.01,3.23,0,52,300,558246,11.1,85.8,0,7.44,0.12,0,0,0,0,0.14,0,4.16,0.01,0.01,88.12,556155,475382,464668,470802,402780,370735,Feces
6347D3LM,6347D3LM,6347,3,1/14/2025,2/3/2025,Loehmer,Feces,FALSE,2.25,4,Freestall,0.4,0.5,0.4,Normal,0.43,Normal,0.07418,0.21917,Normal,2/8/2025,DNeasy PowerSoil Kits,60 ul,200,"26,700,257",NA,AGAGTTTGATCMTGGCTCAG,ATTACCGCGGCTGCTGG,6347D3LM,300,300,20250317_AV241910_Aviti3_Run_106_03_17_25,6347D3LM.L001,493513,493513,42.8,42.4,0.01,2.79,0,53,300,493513,9.3,88,0,7.53,0.08,0,0,0,0,0.07,0,6.52,0,0,85.8,491842,417370,411669,414415,374368,333322,Feces
652D1LM,652D1LM,652,1,1/12/2025,2/3/2025,Loehmer,Feces,FALSE,3.25,2,Freestall,0.9,0.9,0.7,Elevated,0.83,Elevated,1.058168,0.780784,Elevated,2/7/2025,DNeasy PowerSoil Kits,60 ul,200,"20,249,656",NA,AGAGTTTGATCMTGGCTCAG,ATTACCGCGGCTGCTGG,652D1LM,300,300,20250317_AV241910_Aviti3_Run_106_03_17_25,652D1LM.L001,646499,646499,42.5,41.7,0.01,2.66,0,52,300,646499,9,88.6,0,8.47,0.13,0,0,0,0,0.1,0,5.96,0,0,85.34,643898,539210,532013,536045,484142,453756,Feces
652D3LM,652D3LM,652,3,1/14/2025,2/3/2025,Loehmer,Feces,FALSE,3.25,2,Freestall,0.9,0.9,0.7,Elevated,0.83,Elevated,1.058168,0.780784,Elevated,2/8/2025,DNeasy PowerSoil Kits,60 ul,200,"49,651,750",NA,AGAGTTTGATCMTGGCTCAG,ATTACCGCGGCTGCTGG,652D3LM,300,300,20250317_AV241910_Aviti3_Run_106_03_17_25,652D3LM.L001,480780,480780,43,42.8,0,2.37,0,53,300,480780,7.9,89.9,0,5.94,0.01,0,0,0,0,0.01,0,6.76,0,0.01,87.27,479612,412861,409086,411390,383629,358349,Feces
657D1LM,657D1LM,657,1,12/5/2024,1/10/2025,Loehmer,Feces,FALSE,3,2,Freestall,0.4,0.5,0.5,Normal,0.47,Normal,0.127305,0.355735,Normal,1/18/2025,DNeasy PowerSoil Kits,60 ul,200,"32,051,186",NA,AGAGTTTGATCMTGGCTCAG,ATTACCGCGGCTGCTGG,657D1LM,300,300,20250317_AV241910_Aviti3_Run_106_03_17_25,657D1LM.L001,666781,666781,42.9,42.2,0.01,2.41,0,52,300,666781,7.9,89.9,0,8.1,0.02,0,0,0,0,0.01,0,6.27,0,0,85.6,664209,567001,561995,564211,522575,488037,Feces
657D3LM,657D3LM,657,3,12/7/2024,1/10/2025,Loehmer,Feces,FALSE,3,2,Freestall,0.4,0.5,0.5,Normal,0.47,Normal,0.127305,0.355735,Normal,1/25/2025,DNeasy PowerSoil Kits,60 ul,200,"19,341,144",NA,AGAGTTTGATCMTGGCTCAG,ATTACCGCGGCTGCTGG,657D3LM,300,300,20250317_AV241910_Aviti3_Run_106_03_17_25,657D3LM.L001,569305,569305,43.1,42.5,0.01,2.83,0,52,300,569305,9.6,87.8,0,7.32,0.1,0,0,0,0,0.03,0,4.19,0,0,88.36,566849,484962,477444,481369,416508,389651,Feces
6767D1LM-PBS,6767D1LM-PBS,6767,1,11/6/2024,12/9/2024,Loehmer,Environmental_Control,FALSE,2.75,3,Freestall,0.5,0.8,0.8,Elevated,0.7,Elevated,0.22449,1.068015,Elevated,12/24/2024,DNeasy PowerSoil Kits,60 ul,0,37,NA,AGAGTTTGATCMTGGCTCAG,ATTACCGCGGCTGCTGG,6767-PBS,300,300,20250317_AV241910_Aviti3_Run_106_03_17_25,6767.PBS.L001,20655,20655,43,42.4,0.1,11.36,0,56,300,20655,64.2,20.7,0,16.3,0.57,0,0,0,0,0.05,0,15.77,0,0,67.31,NA,NA,NA,NA,NA,NA,Environmental_Control
6767D1LM,6767D1LM,6767,1,11/6/2024,12/9/2024,Loehmer,Feces,FALSE,2.75,3,Freestall,0.5,0.8,0.8,Elevated,0.7,Elevated,0.22449,1.068015,Elevated,12/24/2024,DNeasy PowerSoil Kits,60 ul,317,"85,778,700",NA,AGAGTTTGATCMTGGCTCAG,ATTACCGCGGCTGCTGG,6767D1LM,300,300,20250317_AV241910_Aviti3_Run_106_03_17_25,6767D1LM.L001,810902,810902,43,42.5,0.01,2.57,0,52,300,810902,9.2,88.4,0,6.23,0.06,0,0,0,0,0.06,0,4.17,0,0,89.48,808777,692289,681875,687950,607974,573581,Feces
6767D3LM,6767D3LM,6767,3,11/8/2024,12/9/2024,Loehmer,Feces,FALSE,2.75,3,Freestall,0.5,0.8,0.8,Elevated,0.7,Elevated,0.22449,1.068015,Elevated,12/27/2024,DNeasy PowerSoil Kits,60 ul,232,"27,453,910",NA,AGAGTTTGATCMTGGCTCAG,ATTACCGCGGCTGCTGG,6767D3LM,300,300,20250317_AV241910_Aviti3_Run_106_03_17_25,6767D3LM.L001,675565,675565,42.8,42.5,0.01,2.89,0,52,300,675565,9.9,87.3,0,6.58,0.15,0,0,0,0,0.11,0,5.18,0,0,87.98,673116,571674,559012,566619,486235,449140,Feces
694D1LM,694D1LM,694,1,11/27/2024,1/10/2025,Loehmer,Feces,FALSE,3.75,2,Freestall,0.7,0.6,0.6,Elevated,0.63,Elevated,0.16299,0.29345,Normal,1/18/2025,DNeasy PowerSoil Kits,60 ul,200,"19,417,227",NA,AGAGTTTGATCMTGGCTCAG,ATTACCGCGGCTGCTGG,694D1LM,300,300,20250317_AV241910_Aviti3_Run_106_03_17_25,694D1LM.L001,637960,637960,43.1,42.7,0.01,2.68,0,52,300,637960,9.5,87.8,0,7.59,0.14,0,0,0,0,0.11,0,6.3,0,0,85.86,635961,547864,539080,543298,480052,427680,Feces
694D3LM,694D3LM,694,3,11/29/2024,1/10/2025,Loehmer,Feces,FALSE,3.75,2,Freestall,0.7,0.6,0.6,Elevated,0.63,Elevated,0.16299,0.29345,Normal,1/25/2025,DNeasy PowerSoil Kits,60 ul,200,"26,328,718",NA,AGAGTTTGATCMTGGCTCAG,ATTACCGCGGCTGCTGG,694D3LM,300,300,20250317_AV241910_Aviti3_Run_106_03_17_25,694D3LM.L001,504284,504284,43,42.6,0.01,3.08,0,52,300,504284,10.4,86.7,0,7.64,0.11,0,0,0,0,0.13,0,4.73,0,0,87.39,502880,430672,422785,426526,368426,339715,Feces
6970D1LM,6970D1LM,6970,1,11/10/2024,12/9/2024,Loehmer,Feces,FALSE,3.5,3,Freestall,0.6,0.7,0.9,Elevated,0.73,Elevated,0.098755,0.846315,Elevated,12/24/2024,DNeasy PowerSoil Kits,60 ul,263,"75,617,943",NA,AGAGTTTGATCMTGGCTCAG,ATTACCGCGGCTGCTGG,6970D1LM,300,300,20250317_AV241910_Aviti3_Run_106_03_17_25,6970D1LM.L001,514267,514267,43,42.3,0,3.01,0,52,300,514267,10.1,87.2,0,5.85,0.09,0,0,0,0,0.03,0,2.94,0,0.01,91.08,512803,438776,432756,435953,395136,376303,Feces
6970D3LM,6970D3LM,6970,3,11/12/2024,12/9/2024,Loehmer,Feces,FALSE,3.5,3,Freestall,0.6,0.7,0.9,Elevated,0.73,Elevated,0.098755,0.846315,Elevated,12/27/2024,DNeasy PowerSoil Kits,60 ul,202,"22,688,956",NA,AGAGTTTGATCMTGGCTCAG,ATTACCGCGGCTGCTGG,6970D3LM,300,300,20250317_AV241910_Aviti3_Run_106_03_17_25,6970D3LM.L001,674026,674026,42.9,42.5,0.01,2.95,0,52,300,674026,10.4,86.6,0,6.71,0.07,0,0,0,0,0.1,0,4.93,0,0,88.19,671696,574485,563104,569430,494467,453584,Feces
6990D1LM,6990D1LM,6990,1,12/11/2024,1/10/2025,Loehmer,Feces,FALSE,2.75,3,Freestall,0.7,0.7,0.6,Elevated,0.67,Elevated,0.093245,0.099265,Normal,1/18/2025,DNeasy PowerSoil Kits,60 ul,200,"28,546,290",NA,AGAGTTTGATCMTGGCTCAG,ATTACCGCGGCTGCTGG,6990D1LM,300,300,20250317_AV241910_Aviti3_Run_106_03_17_25,6990D1LM.L001,687121,687121,42.7,41.9,0.01,3.05,0,52,300,687121,9.7,87.5,0,6.82,0.09,0,0,0,0,0.1,0,5.68,0,0,87.31,683439,573263,564188,569403,502704,478642,Feces
6990D3LM,6990D3LM,6990,3,12/13/2024,1/10/2025,Loehmer,Feces,FALSE,2.75,3,Freestall,0.7,0.7,0.6,Elevated,0.67,Elevated,0.093245,0.099265,Normal,1/25/2025,DNeasy PowerSoil Kits,60 ul,200,"18,230,265",NA,AGAGTTTGATCMTGGCTCAG,ATTACCGCGGCTGCTGG,6990D3LM,300,300,20250317_AV241910_Aviti3_Run_106_03_17_25,6990D3LM.L001,624800,624800,42.9,42.2,0,2.61,0,52,300,624800,8.3,89.4,0,6,0.03,0,0,0,0,0.03,0,3.37,0,0,90.57,622417,529578,522882,526270,448492,412493,Feces
699D1LM,699D1LM,699,1,12/4/2024,1/10/2025,Loehmer,Feces,FALSE,3.25,2,Freestall,0.7,0.5,0.4,Elevated,0.53,Normal,0.256125,0.189345,Normal,1/18/2025,DNeasy PowerSoil Kits,60 ul,200,"78,170,636",NA,AGAGTTTGATCMTGGCTCAG,ATTACCGCGGCTGCTGG,699D1LM,300,300,20250317_AV241910_Aviti3_Run_106_03_17_25,699D1LM.L001,633058,633058,43.2,42.7,0,2.55,0,52,300,633058,8.6,89.1,0,6.2,0.06,0,0,0,0,0.05,0,4.58,0,0,89.11,631149,545288,539018,541989,490586,462026,Feces
699D3LM,699D3LM,699,3,12/6/2024,1/10/2025,Loehmer,Feces,FALSE,3.25,2,Freestall,0.7,0.5,0.4,Elevated,0.53,Normal,0.256125,0.189345,Normal,1/25/2025,DNeasy PowerSoil Kits,60 ul,200,"36,100,531",NA,AGAGTTTGATCMTGGCTCAG,ATTACCGCGGCTGCTGG,699D3LM,300,300,20250317_AV241910_Aviti3_Run_106_03_17_25,699D3LM.L001,614433,614433,42.7,42,0.01,2.93,0,53,300,614433,9.5,87.8,0,6.14,0.06,0,0,0,0,0.04,0,4.83,0,0,88.93,611525,514997,506843,511321,452050,425237,Feces
7004D1LM,7004D1LM,7004,1,11/4/2024,12/9/2024,Loehmer,Feces,FALSE,3.5,3,Freestall,0.7,0.5,0.5,Elevated,0.57,Normal,0.303705,0.41541,Normal,12/24/2024,DNeasy PowerSoil Kits,60 ul,266,"93,559,633",NA,AGAGTTTGATCMTGGCTCAG,ATTACCGCGGCTGCTGG,7004D1LM,300,300,20250317_AV241910_Aviti3_Run_106_03_17_25,7004D1LM.L001,481577,481577,42.9,42.2,0,2.91,0,52,300,481577,9.1,88.4,0,5.55,0.03,0,0,0,0,0.05,0,4.52,0,0,89.85,479792,406700,401153,404211,363988,347650,Feces
7004D3LM,7004D3LM,7004,3,11/6/2024,12/9/2024,Loehmer,Feces,FALSE,3.5,3,Freestall,0.7,0.5,0.5,Elevated,0.57,Normal,0.303705,0.41541,Normal,12/27/2024,DNeasy PowerSoil Kits,60 ul,282,"25,556,569",NA,AGAGTTTGATCMTGGCTCAG,ATTACCGCGGCTGCTGG,7004D3LM,300,300,20250317_AV241910_Aviti3_Run_106_03_17_25,7004D3LM.L001,467932,467932,43,42.5,0.01,3.12,0,52,300,467932,10.4,86.7,0,6.3,0.11,0,0,0,0,0.1,0,5.37,0,0,88.12,466208,399442,392576,396466,346890,322528,Feces
703D1LM,703D1LM,703,1,1/11/2025,2/3/2025,Loehmer,Feces,FALSE,4,2,Freestall,0.6,0.6,0.4,Elevated,0.53,Normal,0.215435,0.15747,Normal,2/7/2025,DNeasy PowerSoil Kits,60 ul,200,"43,448,200",NA,AGAGTTTGATCMTGGCTCAG,ATTACCGCGGCTGCTGG,703D1LM,300,300,20250317_AV241910_Aviti3_Run_106_03_17_25,703D1LM.L001,533344,533344,43,42.7,0.01,2.77,0,52,300,533344,9.5,88,0,11.93,0.08,0,0,0,0,0.09,0,3.81,0,0,84.09,531967,455920,449844,453019,410862,391143,Feces
703D3LM,703D3LM,703,3,1/13/2025,2/3/2025,Loehmer,Feces,FALSE,4,2,Freestall,0.6,0.6,0.4,Elevated,0.53,Normal,0.215435,0.15747,Normal,2/8/2025,DNeasy PowerSoil Kits,60 ul,200,"9,586,067",NA,AGAGTTTGATCMTGGCTCAG,ATTACCGCGGCTGCTGG,703D3LM,300,300,20250317_AV241910_Aviti3_Run_106_03_17_25,703D3LM.L001,445768,445768,43.2,42.8,0.01,3.06,0,52,300,445768,10,87.2,0,7.06,0.14,0,0,0,0,0.08,0,4.44,0,0,88.28,444540,383132,376649,380160,338695,317638,Feces
7040D1LM,7040D1LM,7040,1,11/10/2024,12/9/2024,Loehmer,Feces,FALSE,3.5,3,Freestall,0.4,0.5,0.5,Normal,0.47,Normal,0.053205,0.333845,Normal,12/24/2024,DNeasy PowerSoil Kits,60 ul,367,"92,645,891",NA,AGAGTTTGATCMTGGCTCAG,ATTACCGCGGCTGCTGG,7040D1LM,300,300,20250317_AV241910_Aviti3_Run_106_03_17_25,7040D1LM.L001,553390,553390,42.9,42.4,0.01,2.9,0,52,300,553390,10.1,87.2,0,5.88,0.07,0,0,0,0,0.06,0,4.51,0,0,89.48,551580,469522,461031,466241,409491,389069,Feces
7040D3LM,7040D3LM,7040,3,11/12/2024,12/9/2024,Loehmer,Feces,FALSE,3.5,3,Freestall,0.4,0.5,0.5,Normal,0.47,Normal,0.053205,0.333845,Normal,12/27/2024,DNeasy PowerSoil Kits,60 ul,304,"28,403,634",NA,AGAGTTTGATCMTGGCTCAG,ATTACCGCGGCTGCTGG,7040D3LM,300,300,20250317_AV241910_Aviti3_Run_106_03_17_25,7040D3LM.L001,604300,604300,43.1,42.7,0.01,2.73,0,52,300,604300,9.3,88.2,0,7.85,0.12,0,0,0,0,0.05,0,4.3,0,0,87.68,602492,517782,508668,513712,445323,412554,Feces
7046D1LM,7046D1LM,7046,1,1/26/2025,2/3/2025,Loehmer,Feces,FALSE,3.5,3,Freestall,0.6,0.5,0.6,Elevated,0.57,Normal,0.115355,0.154385,Normal,2/7/2025,DNeasy PowerSoil Kits,60 ul,200,"33,541,741",NA,AGAGTTTGATCMTGGCTCAG,ATTACCGCGGCTGCTGG,7046D1LM,300,300,20250317_AV241910_Aviti3_Run_106_03_17_25,7046D1LM.L001,543738,543738,42.7,42.1,0.01,3.1,0,52,300,543738,10.5,86.7,0,6.42,0.17,0,0,0,0,0.08,0,4.18,0,0,89.15,541352,454556,445960,450758,394012,373607,Feces
7046D3LM,7046D3LM,7046,3,1/28/2025,2/3/2025,Loehmer,Feces,FALSE,3.5,3,Freestall,0.6,0.5,0.6,Elevated,0.57,Normal,0.115355,0.154385,Normal,2/8/2025,DNeasy PowerSoil Kits,60 ul,200,"23,583,746",NA,AGAGTTTGATCMTGGCTCAG,ATTACCGCGGCTGCTGG,7046D3LM,300,300,20250317_AV241910_Aviti3_Run_106_03_17_25,7046D3LM.L001,620690,620690,42.9,42.4,0.01,2.6,0,53,300,620690,8.7,89,0,7.72,0.15,0,0,0,0,0.05,0,5.89,0,0,86.19,618550,527195,519665,523786,468795,432052,Feces
7093D1LM,7093D1LM,7093,1,1/16/2025,2/3/2025,Loehmer,Feces,FALSE,2.75,3,Freestall,0.4,0.5,0.4,Normal,0.43,Normal,0.143185,0.55604,Elevated,2/7/2025,DNeasy PowerSoil Kits,60 ul,200,"30,748,765",NA,AGAGTTTGATCMTGGCTCAG,ATTACCGCGGCTGCTGG,7093D1LM,300,300,20250317_AV241910_Aviti3_Run_106_03_17_25,7093D1LM.L001,601968,601968,42.7,42,0.01,2.61,0,52,300,601968,8.4,89.2,0,5.72,0.12,0,0,0,0,0.11,0,5.97,0,0,88.08,599674,505681,499962,502684,457603,428568,Feces
7093D3LM,7093D3LM,7093,3,1/18/2025,2/3/2025,Loehmer,Feces,FALSE,2.75,3,Freestall,0.4,0.5,0.4,Normal,0.43,Normal,0.143185,0.55604,Elevated,2/8/2025,DNeasy PowerSoil Kits,60 ul,200,"33,255,159",NA,AGAGTTTGATCMTGGCTCAG,ATTACCGCGGCTGCTGG,7093D3LM,300,300,20250317_AV241910_Aviti3_Run_106_03_17_25,7093D3LM.L001,413756,413756,42.8,42.6,0.01,3.03,0,52,300,413756,10,87.1,0,6.04,0.07,0,0,0,0,0.06,0,5.87,0,0.01,87.95,412294,349782,343873,347067,305967,281311,Feces
7095D1LM,7095D1LM,7095,1,1/7/2025,1/10/2025,Loehmer,Feces,FALSE,3.25,3,Freestall,0.4,0.5,0.3,Normal,0.4,Normal,0.092345,0.033775,Normal,1/18/2025,DNeasy PowerSoil Kits,60 ul,200,"34,062,783",NA,AGAGTTTGATCMTGGCTCAG,ATTACCGCGGCTGCTGG,7095D1LM,300,300,20250317_AV241910_Aviti3_Run_106_03_17_25,7095D1LM.L001,720029,720029,43,42.3,0,2.38,0,52,300,720029,8.3,89.5,0,9.35,0.06,0,0,0,0,0.02,0,5.64,0,0,84.93,717905,612428,604041,607798,544830,503512,Feces
7095D3LM,7095D3LM,7095,3,1/9/2025,1/10/2025,Loehmer,Feces,FALSE,3.25,3,Freestall,0.4,0.5,0.3,Normal,0.4,Normal,0.092345,0.033775,Normal,1/25/2025,DNeasy PowerSoil Kits,60 ul,200,"33,108,624",NA,AGAGTTTGATCMTGGCTCAG,ATTACCGCGGCTGCTGG,7095D3LM,300,300,20250317_AV241910_Aviti3_Run_106_03_17_25,7095D3LM.L001,745650,745650,42.9,42.2,0,2.47,0,53,300,745650,8,89.8,0,5.92,0.06,0,0,0,0,0.06,0,6.21,0,0,87.75,742596,633789,627022,630178,580045,528945,Feces
7101D1LM,7101D1LM,7101,1,12/4/2024,1/10/2025,Loehmer,Feces,FALSE,4,3,Freestall,0.5,0.4,0.4,Normal,0.43,Normal,0.07132,0.08449,Normal,1/18/2025,DNeasy PowerSoil Kits,60 ul,200,"25,071,810",NA,AGAGTTTGATCMTGGCTCAG,ATTACCGCGGCTGCTGG,7101D1LM,300,300,20250317_AV241910_Aviti3_Run_106_03_17_25,7101D1LM.L001,769534,769534,42.9,42.2,0.01,2.88,0,52,300,769534,9.9,87.4,0,6.97,0.16,0,0,0,0,0.18,0,3.44,0,0,89.25,766633,652055,639824,646850,566780,534921,Feces
7101D3LM,7101D3LM,7101,3,12/6/2024,1/10/2025,Loehmer,Feces,FALSE,4,3,Freestall,0.5,0.4,0.4,Normal,0.43,Normal,0.07132,0.08449,Normal,1/25/2025,DNeasy PowerSoil Kits,60 ul,200,"12,777,313",NA,AGAGTTTGATCMTGGCTCAG,ATTACCGCGGCTGCTGG,7101D3LM,300,300,20250317_AV241910_Aviti3_Run_106_03_17_25,7101D3LM.L001,548587,548587,41.6,40.3,0.01,3.17,0,52,300,548587,10.7,86.3,0,9.38,0.07,0,0,0,0,0.19,0,5.23,0,0,85.13,545727,436250,427563,432497,375096,348489,Feces
720D1LM,720D1LM,720,1,1/21/2025,2/3/2025,Loehmer,Feces,FALSE,3.5,2,Freestall,0.4,0.5,0.4,Normal,0.43,Normal,0.16331,0.15697,Normal,2/7/2025,DNeasy PowerSoil Kits,60 ul,200,"19,922,276",NA,AGAGTTTGATCMTGGCTCAG,ATTACCGCGGCTGCTGG,720D1LM,300,300,20250317_AV241910_Aviti3_Run_106_03_17_25,720D1LM.L001,647529,647529,43,42.5,0.01,2.69,0,52,300,647529,8.9,88.6,0,6.43,0.17,0,0,0,0,0.15,0,4.19,0,0,89.06,645807,553626,546019,550051,485736,462705,Feces
720D3LM,720D3LM,720,3,1/23/2025,2/3/2025,Loehmer,Feces,FALSE,3.5,2,Freestall,0.4,0.5,0.4,Normal,0.43,Normal,0.16331,0.15697,Normal,2/8/2025,DNeasy PowerSoil Kits,60 ul,200,"39,779,818",NA,AGAGTTTGATCMTGGCTCAG,ATTACCGCGGCTGCTGG,720D3LM,300,300,20250317_AV241910_Aviti3_Run_106_03_17_25,720D3LM.L001,662842,662842,42.9,42.4,0.01,2.36,0,52,300,662842,8.1,89.7,0,9.56,0.04,0,0,0,0,0.04,0,4.4,0,0,85.96,660989,561044,553703,558107,496084,457428,Feces
7239D1LM,7239D1LM,7239,1,1/13/2025,2/3/2025,Loehmer,Feces,FALSE,3.75,3,Freestall,0.7,0.6,missing,Elevated,0.65,Elevated,0.332715,0.17069,Normal,2/7/2025,DNeasy PowerSoil Kits,60 ul,200,"35,988,167",NA,AGAGTTTGATCMTGGCTCAG,ATTACCGCGGCTGCTGG,7239D1LM,300,300,20250317_AV241910_Aviti3_Run_106_03_17_25,7239D1LM.L001,551399,551399,43.3,42.9,0.01,2.85,0,52,300,551399,9.8,87.6,0,5.6,0.13,0,0,0,0,0.07,0,4.3,0,0,89.9,550176,477262,470622,473885,418368,392198,Feces
7239D3LM,7239D3LM,7239,3,1/15/2025,2/3/2025,Loehmer,Feces,FALSE,3.75,3,Freestall,0.7,0.6,missing,Elevated,0.65,Elevated,0.332715,0.17069,Normal,2/8/2025,DNeasy PowerSoil Kits,60 ul,200,"22,158,888",NA,AGAGTTTGATCMTGGCTCAG,ATTACCGCGGCTGCTGG,7239D3LM,300,300,20250317_AV241910_Aviti3_Run_106_03_17_25,7239D3LM.L001,449001,449001,43.1,42.9,0.02,2.9,0,52,300,449001,9.2,88.2,0,5.7,0.13,0,0,0,0,0.08,0,3.8,0.01,0,90.28,448014,385560,379928,383281,339802,322172,Feces
7267D1LM,7267D1LM,7267,1,1/31/2025,2/3/2025,Loehmer,Feces,FALSE,3.25,3,Freestall,0.5,0.7,0.7,Elevated,0.63,Elevated,0.095185,1.249208,Elevated,2/7/2025,DNeasy PowerSoil Kits,60 ul,200,"59,791,297",NA,AGAGTTTGATCMTGGCTCAG,ATTACCGCGGCTGCTGG,7267D1LM,300,300,20250317_AV241910_Aviti3_Run_106_03_17_25,7267D1LM.L001,631779,631779,42.8,42.3,0.01,3.04,0,52,300,631779,10.6,86.5,0,6.76,0.19,0,0,0,0,0.12,0,3.71,0,0,89.22,629850,533593,523678,529600,464732,442965,Feces
7267D3LM,7267D3LM,7267,3,2/2/2025,2/3/2025,Loehmer,Feces,FALSE,3.25,3,Freestall,0.5,0.7,0.7,Elevated,0.63,Elevated,0.095185,1.249208,Elevated,2/8/2025,DNeasy PowerSoil Kits,60 ul,200,"40,725,713",NA,AGAGTTTGATCMTGGCTCAG,ATTACCGCGGCTGCTGG,7267D3LM,300,300,20250317_AV241910_Aviti3_Run_106_03_17_25,7267D3LM.L001,181611,181611,43,42.7,0.01,4.88,0,52,300,181611,16.5,79.1,0,6.11,0.11,0,0,0,0,0.07,0,3.36,0,0,90.35,180982,154465,150122,152750,130508,125725,Feces
7346D1LM,7346D1LM,7346,1,1/25/2025,2/3/2025,Loehmer,Feces,FALSE,3.75,3,Freestall,0.4,0.4,0.5,Normal,0.43,Normal,0.202675,0.177825,Normal,2/7/2025,DNeasy PowerSoil Kits,60 ul,200,"34,496,407",NA,AGAGTTTGATCMTGGCTCAG,ATTACCGCGGCTGCTGG,7346D1LM,300,300,20250317_AV241910_Aviti3_Run_106_03_17_25,7346D1LM.L001,388229,388229,43.2,42.8,0.01,3.48,0,52,300,388229,12.4,84.4,0,6.5,0.16,0,0,0,0,0.03,0,8,0,0,85.31,387002,333472,326897,330270,289736,277296,Feces
7346D3LM,7346D3LM,7346,3,1/27/2025,2/3/2025,Loehmer,Feces,FALSE,3.75,3,Freestall,0.4,0.4,0.5,Normal,0.43,Normal,0.202675,0.177825,Normal,2/8/2025,DNeasy PowerSoil Kits,60 ul,200,"22,888,795",NA,AGAGTTTGATCMTGGCTCAG,ATTACCGCGGCTGCTGG,7346D3LM,300,300,20250317_AV241910_Aviti3_Run_106_03_17_25,7346D3LM.L001,592293,592293,42.7,42.3,0.01,2.81,0,52,300,592293,8.9,88.6,0,6.13,0.12,0,0,0,0,0.07,0,5.32,0,0,88.36,590058,498250,490868,495226,437901,410534,Feces
7366D1LM,7366D1LM,7366,1,1/7/2025,2/3/2025,Loehmer,Feces,FALSE,2.75,3,Freestall,0.7,0.6,0.5,Elevated,0.6,Elevated,0.088495,0.46105,Elevated,2/7/2025,DNeasy PowerSoil Kits,60 ul,200,"24,681,238",NA,AGAGTTTGATCMTGGCTCAG,ATTACCGCGGCTGCTGG,7366D1LM,300,300,20250317_AV241910_Aviti3_Run_106_03_17_25,7366D1LM.L001,813175,813175,42.8,42.3,0.01,2.35,0,52,300,813175,8,89.7,0,8.03,0.1,0,0,0,0,0.04,0,3.24,0,0,88.59,810601,685615,679047,682177,609282,576418,Feces
7366D3LM,7366D3LM,7366,3,1/9/2025,2/3/2025,Loehmer,Feces,FALSE,2.75,3,Freestall,0.7,0.6,0.5,Elevated,0.6,Elevated,0.088495,0.46105,Elevated,2/8/2025,DNeasy PowerSoil Kits,60 ul,200,"17,243,677",NA,AGAGTTTGATCMTGGCTCAG,ATTACCGCGGCTGCTGG,7366D3LM,300,300,20250317_AV241910_Aviti3_Run_106_03_17_25,7366D3LM.L001,549288,549288,43,42.5,0.01,2.69,0,52,300,549288,9.1,88.5,0,7.03,0.08,0,0,0,0,0.08,0,4.66,0,0,88.15,548053,467620,458682,464377,399789,371356,Feces
742D1LM,742D1LM,742,1,1/19/2025,2/3/2025,Loehmer,Feces,FALSE,3.75,2,Freestall,0.5,0.5,0.5,Normal,0.5,Normal,0.14428,0.02864,Normal,2/7/2025,DNeasy PowerSoil Kits,60 ul,200,"94,414,012",NA,AGAGTTTGATCMTGGCTCAG,ATTACCGCGGCTGCTGG,742D1LM,300,300,20250317_AV241910_Aviti3_Run_106_03_17_25,742D1LM.L001,872270,872270,42.7,42.3,0.01,2.31,0,52,300,872270,8.3,89.5,0,6.88,0.06,0,0,0,0,0.07,0,3.92,0,0,89.07,868886,730745,722589,727240,656648,619071,Feces
742D3LM,742D3LM,742,3,1/21/2025,2/3/2025,Loehmer,Feces,FALSE,3.75,2,Freestall,0.5,0.5,0.5,Normal,0.5,Normal,0.14428,0.02864,Normal,2/8/2025,DNeasy PowerSoil Kits,60 ul,200,"17,829,229",NA,AGAGTTTGATCMTGGCTCAG,ATTACCGCGGCTGCTGG,742D3LM,300,300,20250317_AV241910_Aviti3_Run_106_03_17_25,742D3LM.L001,688369,688369,43.1,42.6,0.01,2.46,0,53,300,688369,8.5,89.2,0,6.42,0.13,0,0,0,0,0.07,0,6.8,0,0,86.58,686501,592788,585362,589349,530668,492727,Feces
752D1LM,752D1LM,752,1,12/17/2024,1/10/2025,Loehmer,Feces,FALSE,3,2,Freestall,0.8,0.8,0.6,Elevated,0.73,Elevated,0.207115,0.246285,Normal,1/18/2025,DNeasy PowerSoil Kits,60 ul,200,"64,517,897",NA,AGAGTTTGATCMTGGCTCAG,ATTACCGCGGCTGCTGG,752D1LM,300,300,20250317_AV241910_Aviti3_Run_106_03_17_25,752D1LM.L001,885739,885739,43.1,42.5,0,2.24,0,52,300,885739,7.3,90.7,0,5.17,0.1,0,0,0,0,0.03,0,3.09,0,0,91.61,883019,759280,750981,755937,685840,647253,Feces
752D3LM,752D3LM,752,3,12/19/2024,1/10/2025,Loehmer,Feces,FALSE,3,2,Freestall,0.8,0.8,0.6,Elevated,0.73,Elevated,0.207115,0.246285,Normal,1/25/2025,DNeasy PowerSoil Kits,60 ul,200,"33,253,897",NA,AGAGTTTGATCMTGGCTCAG,ATTACCGCGGCTGCTGG,752D3LM,300,300,20250317_AV241910_Aviti3_Run_106_03_17_25,752D3LM.L001,633948,633948,42.9,42.1,0.01,2.63,0,52,300,633948,8.2,89.5,0,6.27,0.02,0,0,0,0,0.11,0,4.19,0,0,89.41,631158,534505,526044,531385,476206,444197,Feces
754D1LM,754D1LM,754,1,1/11/2025,2/3/2025,Loehmer,Feces,FALSE,3.5,2,Freestall,0.6,0.5,0.5,Elevated,0.53,Normal,0.16478,0.06744,Normal,2/7/2025,DNeasy PowerSoil Kits,60 ul,200,"44,661,326",NA,AGAGTTTGATCMTGGCTCAG,ATTACCGCGGCTGCTGG,754D1LM,300,300,20250317_AV241910_Aviti3_Run_106_03_17_25,754D1LM.L001,505173,505173,42.6,42.3,0.01,3.13,0,52,300,505173,10.7,86.3,0,6.06,0.2,0,0,0,0,0.02,0,6.28,0.01,0,87.43,502834,422190,415073,418410,372110,350721,Feces
754D3LM,754D3LM,754,3,1/13/2025,2/3/2025,Loehmer,Feces,FALSE,3.5,2,Freestall,0.6,0.5,0.5,Elevated,0.53,Normal,0.16478,0.06744,Normal,2/8/2025,DNeasy PowerSoil Kits,60 ul,200,"31,596,683",NA,AGAGTTTGATCMTGGCTCAG,ATTACCGCGGCTGCTGG,754D3LM,300,300,20250317_AV241910_Aviti3_Run_106_03_17_25,754D3LM.L001,458427,458427,43.1,42.7,0.01,2.82,0,52,300,458427,9.6,87.8,0,7.7,0.14,0,0,0,0,0.05,0,4.89,0.01,0,87.21,457379,393616,387902,391205,353736,329164,Feces
756D1LM,756D1LM,756,1,1/27/2025,2/3/2025,Loehmer,Feces,FALSE,3,2,Freestall,0.5,0.5,0.4,Normal,0.47,Normal,0.06238,0.047935,Normal,2/7/2025,DNeasy PowerSoil Kits,60 ul,200,"113,166,239",NA,AGAGTTTGATCMTGGCTCAG,ATTACCGCGGCTGCTGG,756D1LM,300,300,20250317_AV241910_Aviti3_Run_106_03_17_25,756D1LM.L001,461769,461769,43.2,42.8,0,2.35,0,52,300,461769,8.1,89.7,0,5.25,0.05,0,0,0,0,0.01,0,6.9,0,0,87.79,460659,400128,397030,398308,369424,352348,Feces
756D3LM,756D3LM,756,3,1/29/2025,2/3/2025,Loehmer,Feces,FALSE,3,2,Freestall,0.5,0.5,0.4,Normal,0.47,Normal,0.06238,0.047935,Normal,2/8/2025,DNeasy PowerSoil Kits,60 ul,200,"13,818,976",NA,AGAGTTTGATCMTGGCTCAG,ATTACCGCGGCTGCTGG,756D3LM,300,300,20250317_AV241910_Aviti3_Run_106_03_17_25,756D3LM.L001,566720,566720,42.7,42.4,0.01,2.43,0,53,300,566720,8.4,89.3,0,7.4,0.12,0,0,0,0,0.09,0,6.68,0,0,85.71,564873,476349,470042,473034,417420,371758,Feces
762D1LM,762D1LM,762,1,1/9/2025,2/3/2025,Loehmer,Feces,FALSE,3.25,2,Freestall,0.6,0.5,0.5,Elevated,0.53,Normal,0.05787,0.08971,Normal,2/7/2025,DNeasy PowerSoil Kits,60 ul,200,"13,440,043",NA,AGAGTTTGATCMTGGCTCAG,ATTACCGCGGCTGCTGG,762D1LM,300,300,20250317_AV241910_Aviti3_Run_106_03_17_25,762D1LM.L001,671158,671158,42.8,42.4,0.02,2.62,0,52,300,671158,9,88.4,0,8.64,0.15,0,0,0,0,0.05,0,5.31,0,0,85.85,668736,565669,557042,561721,488092,450847,Feces
762D3LM,762D3LM,762,3,1/11/2025,2/3/2025,Loehmer,Feces,FALSE,3.25,2,Freestall,0.6,0.5,0.5,Elevated,0.53,Normal,0.05787,0.08971,Normal,2/8/2025,DNeasy PowerSoil Kits,60 ul,200,"15,817,852",NA,AGAGTTTGATCMTGGCTCAG,ATTACCGCGGCTGCTGG,762D3LM,300,300,20250317_AV241910_Aviti3_Run_106_03_17_25,762D3LM.L001,825074,825074,43.1,42.8,0.01,1.9,0,52,300,825074,6.5,91.8,0,6.96,0.05,0,0,0,0,0.02,0,6.1,0,0,86.87,823361,709592,703599,706980,658004,601642,Feces
773D1LM,773D1LM,773,1,1/26/2025,2/3/2025,Loehmer,Feces,FALSE,3.75,2,Freestall,0.5,0.5,0.5,Normal,0.5,Normal,0.150915,0.12134,Normal,2/7/2025,DNeasy PowerSoil Kits,60 ul,200,"32,106,133",NA,AGAGTTTGATCMTGGCTCAG,ATTACCGCGGCTGCTGG,773D1LM,300,300,20250317_AV241910_Aviti3_Run_106_03_17_25,773D1LM.L001,648388,648388,42.9,42.4,0.01,2.97,0,52,300,648388,10.2,86.9,0,6.77,0.18,0,0,0,0,0.08,0,7.9,0,0,85.07,646148,551007,541165,546422,484526,461888,Feces
773D3LM,773D3LM,773,3,1/28/2025,2/3/2025,Loehmer,Feces,FALSE,3.75,2,Freestall,0.5,0.5,0.5,Normal,0.5,Normal,0.150915,0.12134,Normal,2/8/2025,DNeasy PowerSoil Kits,60 ul,200,"47,963,104",NA,AGAGTTTGATCMTGGCTCAG,ATTACCGCGGCTGCTGG,773D3LM,300,300,20250317_AV241910_Aviti3_Run_106_03_17_25,773D3LM.L001,564295,564295,42.9,42.6,0.01,2.64,0,52,300,564295,8.8,88.8,0,6.59,0.08,0,0,0,0,0.09,0,5.46,0,0.01,87.77,562437,479404,473056,476440,428569,395508,Feces
8149D1LM,8149D1LM,8149,1,12/17/2024,1/10/2025,Loehmer,Feces,FALSE,3,7,Freestall,0.4,0.5,0.4,Normal,0.43,Normal,0.04704,0.04367,Normal,1/18/2025,DNeasy PowerSoil Kits,60 ul,200,"114,722,905",NA,AGAGTTTGATCMTGGCTCAG,ATTACCGCGGCTGCTGG,8149D1LM,300,300,20250317_AV241910_Aviti3_Run_106_03_17_25,8149D1LM.L001,440184,440184,42.9,42.4,0,3.06,0,52,300,440184,10.7,86.5,0,6.24,0.07,0,0,0,0,0,0,4.33,0,0,89.36,438934,373359,368518,371269,335050,320905,Feces
8149D3LM,8149D3LM,8149,3,12/19/2024,1/10/2025,Loehmer,Feces,FALSE,3,7,Freestall,0.4,0.5,0.4,Normal,0.43,Normal,0.04704,0.04367,Normal,1/25/2025,DNeasy PowerSoil Kits,60 ul,200,"33,990,268",NA,AGAGTTTGATCMTGGCTCAG,ATTACCGCGGCTGCTGG,8149D3LM,300,300,20250317_AV241910_Aviti3_Run_106_03_17_25,8149D3LM.L001,679686,679686,42.9,42.5,0.01,2.31,0,53,300,679686,8.5,89.2,0,5.95,0.08,0,0,0,0,0.03,0,5.99,0,0,87.95,677689,578918,571490,575418,518953,473517,Feces
8560D1LM,8560D1LM,8560,1,1/27/2025,2/3/2025,Loehmer,Feces,FALSE,2.5,6,Freestall,0.6,0.5,0.6,Elevated,0.57,Normal,0.13001,0.316405,Normal,2/7/2025,DNeasy PowerSoil Kits,60 ul,200,"28,536,056",NA,AGAGTTTGATCMTGGCTCAG,ATTACCGCGGCTGCTGG,8560D1LM,300,300,20250317_AV241910_Aviti3_Run_106_03_17_25,8560D1LM.L001,650444,650444,42.2,41.2,0,2.64,0,52,300,650444,8.4,89.2,0,6.83,0.07,0,0,0,0,0.07,0,6.1,0,0,86.93,647480,528453,520664,525308,457307,430772,Feces
8560D3LM,8560D3LM,8560,3,1/29/2025,2/3/2025,Loehmer,Feces,FALSE,2.5,6,Freestall,0.6,0.5,0.6,Elevated,0.57,Normal,0.13001,0.316405,Normal,2/8/2025,DNeasy PowerSoil Kits,60 ul,200,"24,656,841",NA,AGAGTTTGATCMTGGCTCAG,ATTACCGCGGCTGCTGG,8560D3LM,300,300,20250317_AV241910_Aviti3_Run_106_03_17_25,8560D3LM.L001,652288,652288,39.2,36.5,0.01,3,0,53,300,652288,8.6,88.7,0,7.99,0.11,0,0,0,0,0.1,0,8.92,0,0,82.88,646530,440990,435947,438363,384048,356417,Feces
8644D1LM,8644D1LM,8644,1,11/23/2024,1/10/2025,Loehmer,Feces,FALSE,3.5,6,Freestall,0.6,0.8,missing,Elevated,0.7,Elevated,0.070775,1.074424,Elevated,1/18/2025,DNeasy PowerSoil Kits,60 ul,200,"22,133,204",NA,AGAGTTTGATCMTGGCTCAG,ATTACCGCGGCTGCTGG,8644D1LM,300,300,20250317_AV241910_Aviti3_Run_106_03_17_25,8644D1LM.L001,621965,621965,42.7,42.1,0.01,3.16,0,52,300,621965,10.5,86.5,0,7.85,0.17,0,0,0,0,0.08,0,4.09,0,0,87.81,619475,521402,509212,516875,437961,415247,Feces
8644D3LM,8644D3LM,8644,3,11/25/2024,1/10/2025,Loehmer,Feces,FALSE,3.5,6,Freestall,0.6,0.8,missing,Elevated,0.7,Elevated,0.070775,1.074424,Elevated,1/25/2025,DNeasy PowerSoil Kits,60 ul,200,"13,603,859",NA,AGAGTTTGATCMTGGCTCAG,ATTACCGCGGCTGCTGG,8644D3LM,300,300,20250317_AV241910_Aviti3_Run_106_03_17_25,8644D3LM.L001,731690,731690,42.6,42,0.01,2.93,0,52,300,731690,10.1,87.1,0,7.94,0.21,0,0,0,0,0.04,0,5.28,0,0,86.53,728601,611303,597422,605970,512218,477737,Feces
9093D1LM,9093D1LM,9093,1,11/8/2024,12/9/2024,Loehmer,Feces,FALSE,4,6,Freestall,0.4,0.4,0.4,Normal,0.4,Normal,0.333925,0.189375,Normal,12/24/2024,DNeasy PowerSoil Kits,60 ul,356,"30,133,415",NA,AGAGTTTGATCMTGGCTCAG,ATTACCGCGGCTGCTGG,9093D1LM,300,300,20250317_AV241910_Aviti3_Run_106_03_17_25,9093D1LM.L001,687807,687807,43,42.5,0.01,2.44,0,52,300,687807,8.1,89.7,0,6.22,0.09,0,0,0,0,0.09,0,6.07,0,0,87.53,685557,584601,575595,579745,496019,448949,Feces
9093D3LM,9093D3LM,9093,3,11/10/2024,12/9/2024,Loehmer,Feces,FALSE,4,6,Freestall,0.4,0.4,0.4,Normal,0.4,Normal,0.333925,0.189375,Normal,12/27/2024,DNeasy PowerSoil Kits,60 ul,254,"21,043,253",NA,AGAGTTTGATCMTGGCTCAG,ATTACCGCGGCTGCTGG,9093D3LM,300,300,20250317_AV241910_Aviti3_Run_106_03_17_25,9093D3LM.L001,520872,520872,43.2,42.8,0.01,2.94,0,52,300,520872,9.7,87.6,0,6.1,0.09,0,0,0,0,0.05,0,5,0,0,88.76,519121,448790,441181,445427,389821,358084,Feces
9539D1LM,9539D1LM,9539,1,12/7/2024,1/10/2025,Loehmer,Feces,FALSE,3.75,5,Freestall,0.7,0.6,0.5,Elevated,0.6,Elevated,0.111285,0.046145,Normal,1/18/2025,DNeasy PowerSoil Kits,60 ul,200,"25,102,453",NA,AGAGTTTGATCMTGGCTCAG,ATTACCGCGGCTGCTGG,9539D1LM,300,300,20250317_AV241910_Aviti3_Run_106_03_17_25,9539D1LM.L001,840152,840152,42.7,42.2,0.01,2.9,0,52,300,840152,9.8,87.5,0,6.49,0.16,0,0,0,0,0.04,0,4.42,0,0,88.89,835659,704146,690651,698602,611602,578420,Feces
9539D3LM,9539D3LM,9539,3,12/9/2024,1/10/2025,Loehmer,Feces,FALSE,3.75,5,Freestall,0.7,0.6,0.5,Elevated,0.6,Elevated,0.111285,0.046145,Normal,1/25/2025,DNeasy PowerSoil Kits,60 ul,200,"36,802,844",NA,AGAGTTTGATCMTGGCTCAG,ATTACCGCGGCTGCTGG,9539D3LM,300,300,20250317_AV241910_Aviti3_Run_106_03_17_25,9539D3LM.L001,721116,721116,43,42.3,0.01,2.55,0,53,300,721116,8.3,89.4,0,6.57,0.1,0,0,0,0,0.11,0,5.95,0,0,87.27,718533,614492,606171,610402,549689,498089,Feces
9967D1LM,9967D1LM,9967,1,1/9/2025,2/3/2025,Loehmer,Feces,FALSE,2.75,5,Freestall,0.6,0.7,0.7,Elevated,0.67,Elevated,0.35694,0.44718,Elevated,2/8/2025,DNeasy PowerSoil Kits,60 ul,200,"46,899,157",NA,AGAGTTTGATCMTGGCTCAG,ATTACCGCGGCTGCTGG,9967D1LM,300,300,20250317_AV241910_Aviti3_Run_106_03_17_25,9967D1LM.L001,29257,29257,40.7,39.1,0.01,12.6,0,52,300,29257,37.4,51.9,0,7.55,0.14,0,0,0,0,0.04,0,4.79,0,0,87.48,29048,22186,20529,21138,15768,15234,Feces
9967D3LM,9967D3LM,9967,3,1/11/2025,2/3/2025,Loehmer,Feces,FALSE,2.75,5,Freestall,0.6,0.7,0.7,Elevated,0.67,Elevated,0.35694,0.44718,Elevated,2/8/2025,DNeasy PowerSoil Kits,60 ul,200,"18,732,215",NA,AGAGTTTGATCMTGGCTCAG,ATTACCGCGGCTGCTGG,9967D3LM,300,300,20250317_AV241910_Aviti3_Run_106_03_17_25,9967D3LM.L001,566790,566790,42.2,41.4,0.01,3.28,0,52,300,566790,11.3,85.6,0,7.09,0.09,0,0,0,0,0.08,0,5.88,0,0,86.86,564034,464407,453698,459990,398855,367725,Feces
N-CONTROL-1,control-extraction-N-CONTROL-1,NA,NA,NA,NA,NA,Extraction_Control,NA,NA,NA,NA,NA,NA,NA,NA,NA,NA,NA,NA,NA,2/9/2025,DNeasy PowerSoil Kits,60 ul,0,1,NA,AGAGTTTGATCMTGGCTCAG,ATTACCGCGGCTGCTGG,N-CONTROL-1,300,300,20250317_AV241910_Aviti3_Run_106_03_17_25,N.CONTROL.1.L001,35511,35511,42.8,42.6,0.07,9.78,0,56,300,35511,55.5,32.1,0,20.12,0.06,0,0,0,0,0.15,0,10.75,0,0,68.92,NA,NA,NA,NA,NA,NA,Extraction_Control
N-CONTROL-2,control-extraction-N-CONTROL-2,NA,NA,NA,NA,NA,Extraction_Control,NA,NA,NA,NA,NA,NA,NA,NA,NA,NA,NA,NA,NA,2/9/2025,DNeasy PowerSoil Kits,60 ul,0,1,NA,AGAGTTTGATCMTGGCTCAG,ATTACCGCGGCTGCTGG,N-CONTROL-2,300,300,20250317_AV241910_Aviti3_Run_106_03_17_25,N.CONTROL.2.L001,18948,18948,42.9,42.6,0.22,11.39,0,56,300,18948,60.3,24.4,0,29.75,0.1,0,0,0,0,0.31,0,6.84,0,0,63,NA,NA,NA,NA,NA,NA,Extraction_Control
N-CONTROL-3,control-extraction-N-CONTROL-3,NA,NA,NA,NA,NA,Extraction_Control,NA,NA,NA,NA,NA,NA,NA,NA,NA,NA,NA,NA,NA,2/9/2025,DNeasy PowerSoil Kits,60 ul,0,1,NA,AGAGTTTGATCMTGGCTCAG,ATTACCGCGGCTGCTGG,N-CONTROL-3,300,300,20250317_AV241910_Aviti3_Run_106_03_17_25,N.CONTROL.3.L001,927,927,42.8,42.3,0.03,54.91,0,56,300,927,38.3,1.9,0,23.95,0.32,0,0,0,0,0.54,0,9.49,0,0,65.7,NA,NA,NA,NA,NA,NA,Extraction_Control
N-CONTROL-4,control-extraction-N-CONTROL-4,NA,NA,NA,NA,NA,Extraction_Control,NA,NA,NA,NA,NA,NA,NA,NA,NA,NA,NA,NA,NA,2/9/2025,DNeasy PowerSoil Kits,60 ul,0,1,NA,AGAGTTTGATCMTGGCTCAG,ATTACCGCGGCTGCTGG,N-CONTROL-4,300,300,20250317_AV241910_Aviti3_Run_106_03_17_25,N.CONTROL.4.L001,18980,18980,43,42.7,0.09,11,0,57,300,18980,63.6,22.3,0,22.19,0.26,0,0,0,0,0.92,0,11.14,0,0.01,65.48,NA,NA,NA,NA,NA,NA,Extraction_Control
N-CONTROL-5,control-extraction-N-CONTROL-5,NA,NA,NA,NA,NA,Extraction_Control,NA,NA,NA,NA,NA,NA,NA,NA,NA,NA,NA,NA,NA,2/9/2025,DNeasy PowerSoil Kits,60 ul,0,1,NA,AGAGTTTGATCMTGGCTCAG,ATTACCGCGGCTGCTGG,N-CONTROL-5,300,300,20250317_AV241910_Aviti3_Run_106_03_17_25,N.CONTROL.5.L001,17077,17077,42.9,42.4,0.07,13.05,0,57,300,17077,63.5,20.2,0,25.41,0.26,0,0,0,0,0.02,0,12.5,0.01,0.01,61.79,NA,NA,NA,NA,NA,NA,Extraction_Control
TE-1,control-te-1,NA,NA,NA,NA,NA,Reagent_Control,NA,NA,NA,NA,NA,NA,NA,NA,NA,NA,NA,NA,NA,2/9/2025,DNeasy PowerSoil Kits,60 ul,0,102,NA,AGAGTTTGATCMTGGCTCAG,ATTACCGCGGCTGCTGG,TE-1,300,300,20250317_AV241910_Aviti3_Run_106_03_17_25,TE.1.L001,17192,17192,43.1,42.6,0.21,11.89,0,56,300,17192,64,19.4,0,26.72,0.26,0,0,0,0,0.03,0,12.77,0.01,0,60.21,NA,NA,NA,NA,NA,NA,Reagent_Control
TE-2,control-te-2,NA,NA,NA,NA,NA,Reagent_Control,NA,NA,NA,NA,NA,NA,NA,NA,NA,NA,NA,NA,NA,2/9/2025,DNeasy PowerSoil Kits,60 ul,0,102,NA,AGAGTTTGATCMTGGCTCAG,ATTACCGCGGCTGCTGG,TE-2,300,300,20250317_AV241910_Aviti3_Run_106_03_17_25,TE.2.L001,19155,19155,43.1,42.8,0.18,11.74,0,57,300,19155,62,22.5,0,24.55,0.19,0,0,0,0,0.18,0,9.59,0,0,65.49,NA,NA,NA,NA,NA,NA,Reagent_Control
TE-3,control-te-3,NA,NA,NA,NA,NA,Reagent_Control,NA,NA,NA,NA,NA,NA,NA,NA,NA,NA,NA,NA,NA,2/9/2025,DNeasy PowerSoil Kits,60 ul,0,102,NA,AGAGTTTGATCMTGGCTCAG,ATTACCGCGGCTGCTGG,TE-3,300,300,20250317_AV241910_Aviti3_Run_106_03_17_25,TE.3.L001,21897,21897,42.6,42.2,0.19,11.37,0,57,300,21897,64,20.1,0,29.49,0.5,0,0,0,0,0.57,0,8.39,0,0,61.05,NA,NA,NA,NA,NA,NA,Reagent_Control
TE-4,control-te-4,NA,NA,NA,NA,NA,Reagent_Control,NA,NA,NA,NA,NA,NA,NA,NA,NA,NA,NA,NA,NA,2/9/2025,DNeasy PowerSoil Kits,60 ul,0,102,NA,AGAGTTTGATCMTGGCTCAG,ATTACCGCGGCTGCTGG,TE-4,300,300,20250317_AV241910_Aviti3_Run_106_03_17_25,TE.4.L001,21641,21641,42.6,42.4,0.2,10.64,0,56,300,21641,61,23.9,0,27,0.14,0,0,0,0,2.03,0,14.87,0,0,55.96,NA,NA,NA,NA,NA,NA,Reagent_Control
TE-5,control-te-5,NA,NA,NA,NA,NA,Reagent_Control,NA,NA,NA,NA,NA,NA,NA,NA,NA,NA,NA,NA,NA,2/9/2025,DNeasy PowerSoil Kits,60 ul,0,102,NA,AGAGTTTGATCMTGGCTCAG,ATTACCGCGGCTGCTGG,TE-5,300,300,20250317_AV241910_Aviti3_Run_106_03_17_25,TE.5.L001,18666,18666,43.1,42.6,0.23,12.32,0,57,300,18666,63.4,21.1,0,31.19,0.32,0,0,0,0,0.05,0,5.48,0,0,62.96,NA,NA,NA,NA,NA,NA,Reagent_Control
ZYMO-1,mock-synthetic-ZYMO-1,NA,NA,NA,NA,NA,MockFecal,NA,NA,NA,NA,NA,NA,NA,NA,NA,NA,NA,NA,NA,2/9/2025,DNeasy PowerSoil Kits,60 ul,100,"688,069",NA,AGAGTTTGATCMTGGCTCAG,ATTACCGCGGCTGCTGG,ZYMO-1,300,300,20250317_AV241910_Aviti3_Run_106_03_17_25,ZYMO.1.L001,829127,829127,43.3,42.9,0,1.61,0,52,300,829127,6,92.5,0,1.93,0,0,0,0,0,0.01,0,2.65,0,0,95.41,NA,NA,NA,NA,NA,NA,Mock_A
ZYMO-2,mock-synthetic-ZYMO-2,NA,NA,NA,NA,NA,MockFecal,NA,NA,NA,NA,NA,NA,NA,NA,NA,NA,NA,NA,NA,2/9/2025,DNeasy PowerSoil Kits,60 ul,100,"865,135",NA,AGAGTTTGATCMTGGCTCAG,ATTACCGCGGCTGCTGG,ZYMO-2,300,300,20250317_AV241910_Aviti3_Run_106_03_17_25,ZYMO.2.L001,894661,894661,43.1,42.7,0,1.6,0,52,300,894661,6,92.4,0,1.98,0,0,0,0,0,0.03,0,3.05,0,0,94.94,NA,NA,NA,NA,NA,NA,Mock_A
ZYMO-3,mock-synthetic-ZYMO-3,NA,NA,NA,NA,NA,MockFecal,NA,NA,NA,NA,NA,NA,NA,NA,NA,NA,NA,NA,NA,2/9/2025,DNeasy PowerSoil Kits,60 ul,100,"782,608",NA,AGAGTTTGATCMTGGCTCAG,ATTACCGCGGCTGCTGG,ZYMO-3,300,300,20250317_AV241910_Aviti3_Run_106_03_17_25,ZYMO.3.L001,997948,997948,42.9,42.5,0,1.56,0,52,300,997948,5.5,93,0,2.07,0.02,0,0,0,0,0,0,3.79,0,0,94.12,NA,NA,NA,NA,NA,NA,Mock_A
ZYMO-4,mock-synthetic-ZYMO-4,NA,NA,NA,NA,NA,MockLog,NA,NA,NA,NA,NA,NA,NA,NA,NA,NA,NA,NA,NA,2/9/2025,DNeasy PowerSoil Kits,60 ul,100,"224,446",NA,AGAGTTTGATCMTGGCTCAG,ATTACCGCGGCTGCTGG,ZYMO-4,300,300,20250317_AV241910_Aviti3_Run_106_03_17_25,ZYMO.4.L001,881511,881511,43.2,43.2,0,0.59,0,54,300,881511,2.6,96.8,0,0.12,0.01,0,0,0.01,0,0,0,0.32,0,0,99.54,NA,NA,NA,NA,NA,NA,Mock_B
ZYMO-5,mock-synthetic-ZYMO-5,NA,NA,NA,NA,NA,MockLog,NA,NA,NA,NA,NA,NA,NA,NA,NA,NA,NA,NA,NA,2/9/2025,DNeasy PowerSoil Kits,60 ul,100,"173,990",NA,AGAGTTTGATCMTGGCTCAG,ATTACCGCGGCTGCTGG,ZYMO-5,300,300,20250317_AV241910_Aviti3_Run_106_03_17_25,ZYMO.5.L001,329999,329999,42.8,42.6,0,0.8,0,54,300,329999,3.4,95.6,0,0.07,0,0,0,0,0,0,0,0.61,0,0,99.32,NA,NA,NA,NA,NA,NA,Mock_B
